course_id,assignment_id,score_pct,student_id
345,751,5.9,S001
345,751,0.0,S003
345,751,5.9,S005
345,751,0.0,S006
345,751,0.0,S008
345,751,5.9,S009
345,751,5.9,S010
345,751,11.8,S012
345,751,0.0,S013
345,751,0.0,S014
345,751,5.9,S015
345,751,5.9,S016
345,751,5.9,S019
345,751,5.9,S021
345,751,0.0,S022
345,751,0.0,S024
345,751,0.0,S025
345,751,0.0,S026
345,751,0.0,S027
345,751,0.0,S028
345,751,0.0,S031
345,751,5.9,S033
345,751,0.0,S034
345,751,0.0,S035
345,751,0.0,S036
345,751,0.0,S037
345,751,5.9,S040
345,751,0.0,S041
345,751,0.0,S044
345,751,5.9,S045
345,751,0.0,S049
345,751,5.9,S050
345,751,0.0,S051
345,751,5.9,S054
345,751,5.9,S054
345,751,5.9,S055
345,751,0.0,S058
345,751,5.9,S060
345,751,5.9,S062
345,751,5.9,S064
345,751,5.9,S065
345,751,0.0,S067
345,751,0.0,S068
345,751,0.0,S070
345,751,0.0,S072
345,751,11.8,S073
345,751,5.9,S074
345,751,5.9,S076
345,751,0.0,S078
345,751,0.0,S080
345,751,0.0,S081
345,751,0.0,S082
345,751,0.0,S083
345,751,0.0,S085
345,751,0.0,S089
345,751,0.0,S092
345,751,0.0,S097
345,751,0.0,S099
345,751,0.0,S100
345,751,0.0,S101
345,751,0.0,S102
345,751,0.0,S103
345,751,5.9,S104
345,751,5.9,S108
345,751,0.0,S109
345,751,5.9,S110
345,751,11.8,S112
345,751,5.9,S115
345,751,5.9,S118
345,751,0.0,S121
345,751,0.0,S123
345,751,5.9,S124
345,751,5.9,S124
345,751,0.0,S127
345,751,5.9,S128
345,751,0.0,S129
345,751,11.8,S132
345,751,11.8,S132
345,751,0.0,S136
345,751,0.0,S137
345,751,0.0,S139
345,751,5.9,S142
345,751,5.9,S143
345,751,5.9,S144
345,751,0.0,S148
345,751,0.0,S149
345,751,0.0,S150
345,751,5.9,S152
345,751,0.0,S153
345,751,0.0,S156
345,751,0.0,S158
345,751,0.0,S159
345,751,5.9,S160
345,751,0.0,S163
345,751,0.0,S165
345,751,0.0,S166
345,751,0.0,S170
345,751,5.9,S171
345,751,0.0,S172
345,751,5.9,S174
345,751,0.0,S175
345,751,5.9,S177
345,751,0.0,S179
345,751,5.9,S180
345,751,0.0,S181
345,751,5.9,S182
345,753,,S001
345,753,,S003
345,753,,S006
345,753,,S008
345,753,,S009
345,753,,S010
345,753,,S012
345,753,,S013
345,753,,S014
345,753,,S019
345,753,,S021
345,753,,S022
345,753,,S024
345,753,,S025
345,753,,S026
345,753,,S027
345,753,,S028
345,753,,S031
345,753,,S033
345,753,,S034
345,753,,S035
345,753,,S036
345,753,,S037
345,753,,S040
345,753,,S041
345,753,,S044
345,753,,S045
345,753,,S049
345,753,,S050
345,753,,S051
345,753,,S054
345,753,,S055
345,753,,S057
345,753,,S058
345,753,,S060
345,753,,S062
345,753,,S064
345,753,,S065
345,753,,S067
345,753,,S068
345,753,,S070
345,753,,S072
345,753,,S073
345,753,,S074
345,753,,S076
345,753,,S078
345,753,,S079
345,753,,S080
345,753,,S081
345,753,,S082
345,753,,S083
345,753,,S085
345,753,,S088
345,753,,S089
345,753,,S092
345,753,,S096
345,753,,S097
345,753,,S099
345,753,,S101
345,753,,S102
345,753,,S103
345,753,,S104
345,753,,S108
345,753,,S109
345,753,,S110
345,753,,S112
345,753,,S115
345,753,,S118
345,753,,S121
345,753,,S123
345,753,,S124
345,753,,S127
345,753,,S128
345,753,,S129
345,753,,S132
345,753,,S136
345,753,,S137
345,753,,S139
345,753,,S142
345,753,,S143
345,753,,S144
345,753,,S148
345,753,,S149
345,753,,S150
345,753,,S152
345,753,,S153
345,753,,S154
345,753,,S158
345,753,,S159
345,753,,S160
345,753,,S161
345,753,,S162
345,753,,S163
345,753,,S165
345,753,,S166
345,753,,S168
345,753,,S170
345,753,,S171
345,753,,S172
345,753,,S173
345,753,,S174
345,753,,S175
345,753,,S177
345,753,,S179
345,753,,S180
345,753,,S181
345,753,,S182
345,753,,S185
345,754,100.0,S001
345,754,50.0,S003
345,754,100.0,S005
345,754,100.0,S006
345,754,100.0,S008
345,754,100.0,S009
345,754,50.0,S010
345,754,0.0,S012
345,754,50.0,S013
345,754,100.0,S014
345,754,50.0,S015
345,754,100.0,S016
345,754,0.0,S019
345,754,0.0,S021
345,754,100.0,S022
345,754,100.0,S025
345,754,50.0,S026
345,754,50.0,S027
345,754,100.0,S028
345,754,100.0,S031
345,754,100.0,S033
345,754,50.0,S034
345,754,100.0,S035
345,754,100.0,S036
345,754,100.0,S037
345,754,100.0,S041
345,754,100.0,S044
345,754,50.0,S045
345,754,50.0,S049
345,754,50.0,S050
345,754,100.0,S051
345,754,100.0,S054
345,754,100.0,S055
345,754,100.0,S057
345,754,100.0,S058
345,754,100.0,S060
345,754,100.0,S062
345,754,50.0,S064
345,754,100.0,S065
345,754,50.0,S067
345,754,50.0,S068
345,754,50.0,S070
345,754,100.0,S072
345,754,100.0,S073
345,754,100.0,S074
345,754,100.0,S076
345,754,100.0,S078
345,754,100.0,S079
345,754,0.0,S080
345,754,100.0,S081
345,754,100.0,S082
345,754,100.0,S085
345,754,100.0,S086
345,754,100.0,S088
345,754,50.0,S089
345,754,100.0,S092
345,754,50.0,S096
345,754,50.0,S097
345,754,100.0,S099
345,754,100.0,S100
345,754,50.0,S101
345,754,100.0,S102
345,754,50.0,S103
345,754,50.0,S104
345,754,100.0,S108
345,754,100.0,S109
345,754,50.0,S110
345,754,100.0,S112
345,754,50.0,S114
345,754,50.0,S115
345,754,100.0,S117
345,754,100.0,S118
345,754,50.0,S121
345,754,50.0,S123
345,754,100.0,S124
345,754,100.0,S127
345,754,100.0,S128
345,754,100.0,S129
345,754,50.0,S132
345,754,50.0,S134
345,754,100.0,S136
345,754,100.0,S137
345,754,100.0,S139
345,754,50.0,S142
345,754,50.0,S143
345,754,100.0,S144
345,754,100.0,S148
345,754,100.0,S149
345,754,100.0,S150
345,754,100.0,S152
345,754,100.0,S153
345,754,100.0,S154
345,754,100.0,S156
345,754,100.0,S158
345,754,50.0,S159
345,754,100.0,S160
345,754,100.0,S161
345,754,50.0,S162
345,754,100.0,S163
345,754,100.0,S165
345,754,100.0,S166
345,754,100.0,S168
345,754,100.0,S169
345,754,100.0,S170
345,754,50.0,S171
345,754,50.0,S172
345,754,0.0,S173
345,754,100.0,S174
345,754,100.0,S175
345,754,0.0,S176
345,754,100.0,S177
345,754,50.0,S179
345,754,50.0,S180
345,754,100.0,S181
345,754,100.0,S182
345,754,100.0,S185
345,763,33.3,S001
345,763,33.3,S003
345,763,33.3,S005
345,763,33.3,S006
345,763,33.3,S008
345,763,33.3,S009
345,763,33.3,S010
345,763,33.3,S012
345,763,33.3,S014
345,763,33.3,S015
345,763,33.3,S016
345,763,33.3,S019
345,763,33.3,S021
345,763,33.3,S022
345,763,33.3,S024
345,763,33.3,S025
345,763,33.3,S026
345,763,33.3,S027
345,763,33.3,S028
345,763,33.3,S031
345,763,33.3,S033
345,763,33.3,S034
345,763,33.3,S035
345,763,33.3,S036
345,763,33.3,S037
345,763,33.3,S041
345,763,33.3,S044
345,763,33.3,S045
345,763,33.3,S049
345,763,33.3,S050
345,763,33.3,S051
345,763,33.3,S054
345,763,33.3,S055
345,763,33.3,S057
345,763,33.3,S058
345,763,33.3,S060
345,763,33.3,S062
345,763,33.3,S064
345,763,33.3,S065
345,763,33.3,S067
345,763,33.3,S068
345,763,33.3,S072
345,763,33.3,S073
345,763,33.3,S074
345,763,33.3,S076
345,763,33.3,S078
345,763,33.3,S079
345,763,33.3,S080
345,763,33.3,S081
345,763,33.3,S082
345,763,33.3,S083
345,763,33.3,S085
345,763,33.3,S086
345,763,33.3,S088
345,763,33.3,S089
345,763,33.3,S092
345,763,33.3,S096
345,763,33.3,S097
345,763,33.3,S099
345,763,33.3,S100
345,763,33.3,S101
345,763,33.3,S102
345,763,33.3,S103
345,763,33.3,S104
345,763,33.3,S108
345,763,33.3,S109
345,763,33.3,S110
345,763,33.3,S112
345,763,33.3,S114
345,763,33.3,S115
345,763,33.3,S117
345,763,33.3,S118
345,763,33.3,S121
345,763,33.3,S123
345,763,33.3,S124
345,763,33.3,S127
345,763,33.3,S128
345,763,33.3,S129
345,763,33.3,S132
345,763,33.3,S134
345,763,33.3,S136
345,763,33.3,S137
345,763,33.3,S139
345,763,33.3,S142
345,763,33.3,S143
345,763,33.3,S144
345,763,33.3,S148
345,763,33.3,S149
345,763,33.3,S150
345,763,33.3,S152
345,763,33.3,S153
345,763,33.3,S154
345,763,33.3,S156
345,763,33.3,S159
345,763,33.3,S160
345,763,33.3,S161
345,763,33.3,S162
345,763,33.3,S163
345,763,33.3,S165
345,763,33.3,S166
345,763,33.3,S168
345,763,33.3,S169
345,763,33.3,S170
345,763,33.3,S171
345,763,33.3,S172
345,763,0.0,S173
345,763,33.3,S174
345,763,33.3,S175
345,763,33.3,S177
345,763,33.3,S179
345,763,33.3,S180
345,763,33.3,S181
345,763,33.3,S182
345,763,33.3,S185
345,767,100.0,S001
345,767,100.0,S003
345,767,100.0,S005
345,767,100.0,S006
345,767,100.0,S008
345,767,100.0,S009
345,767,100.0,S010
345,767,100.0,S013
345,767,100.0,S014
345,767,100.0,S015
345,767,100.0,S016
345,767,66.7,S019
345,767,100.0,S021
345,767,100.0,S022
345,767,100.0,S024
345,767,100.0,S025
345,767,100.0,S026
345,767,100.0,S027
345,767,100.0,S028
345,767,100.0,S031
345,767,100.0,S033
345,767,100.0,S034
345,767,100.0,S035
345,767,100.0,S036
345,767,100.0,S037
345,767,100.0,S041
345,767,100.0,S044
345,767,100.0,S049
345,767,100.0,S050
345,767,100.0,S051
345,767,100.0,S054
345,767,100.0,S055
345,767,100.0,S057
345,767,100.0,S058
345,767,100.0,S060
345,767,100.0,S062
345,767,100.0,S064
345,767,100.0,S065
345,767,100.0,S067
345,767,100.0,S068
345,767,66.7,S072
345,767,100.0,S073
345,767,100.0,S074
345,767,100.0,S076
345,767,100.0,S078
345,767,100.0,S079
345,767,100.0,S080
345,767,100.0,S081
345,767,100.0,S082
345,767,100.0,S083
345,767,100.0,S085
345,767,100.0,S086
345,767,100.0,S088
345,767,100.0,S089
345,767,100.0,S092
345,767,100.0,S096
345,767,100.0,S097
345,767,100.0,S099
345,767,100.0,S100
345,767,100.0,S101
345,767,100.0,S102
345,767,100.0,S103
345,767,66.7,S104
345,767,100.0,S108
345,767,100.0,S109
345,767,100.0,S110
345,767,100.0,S112
345,767,100.0,S114
345,767,100.0,S115
345,767,100.0,S118
345,767,100.0,S121
345,767,100.0,S123
345,767,100.0,S124
345,767,100.0,S127
345,767,100.0,S128
345,767,100.0,S129
345,767,100.0,S132
345,767,100.0,S134
345,767,100.0,S136
345,767,100.0,S137
345,767,100.0,S139
345,767,100.0,S142
345,767,100.0,S143
345,767,100.0,S144
345,767,100.0,S149
345,767,100.0,S150
345,767,100.0,S152
345,767,100.0,S153
345,767,100.0,S154
345,767,66.7,S156
345,767,100.0,S158
345,767,100.0,S159
345,767,100.0,S160
345,767,100.0,S161
345,767,100.0,S162
345,767,100.0,S163
345,767,100.0,S165
345,767,100.0,S166
345,767,100.0,S168
345,767,100.0,S169
345,767,100.0,S170
345,767,100.0,S171
345,767,100.0,S172
345,767,100.0,S173
345,767,100.0,S174
345,767,100.0,S175
345,767,0.0,S176
345,767,100.0,S177
345,767,100.0,S179
345,767,100.0,S180
345,767,100.0,S181
345,767,100.0,S182
345,767,100.0,S185
345,768,75.0,S001
345,768,100.0,S003
345,768,100.0,S005
345,768,100.0,S006
345,768,100.0,S008
345,768,100.0,S009
345,768,100.0,S010
345,768,100.0,S013
345,768,100.0,S014
345,768,75.0,S015
345,768,100.0,S016
345,768,50.0,S019
345,768,100.0,S021
345,768,100.0,S022
345,768,50.0,S024
345,768,100.0,S025
345,768,100.0,S026
345,768,100.0,S027
345,768,100.0,S028
345,768,100.0,S031
345,768,100.0,S033
345,768,100.0,S034
345,768,100.0,S035
345,768,100.0,S036
345,768,50.0,S037
345,768,100.0,S041
345,768,100.0,S049
345,768,100.0,S050
345,768,100.0,S051
345,768,100.0,S054
345,768,100.0,S055
345,768,75.0,S057
345,768,100.0,S058
345,768,100.0,S060
345,768,25.0,S062
345,768,75.0,S064
345,768,100.0,S065
345,768,100.0,S067
345,768,100.0,S068
345,768,100.0,S072
345,768,100.0,S073
345,768,100.0,S074
345,768,100.0,S076
345,768,75.0,S078
345,768,100.0,S079
345,768,75.0,S080
345,768,100.0,S081
345,768,100.0,S082
345,768,100.0,S083
345,768,100.0,S085
345,768,75.0,S086
345,768,100.0,S088
345,768,100.0,S089
345,768,75.0,S092
345,768,100.0,S097
345,768,100.0,S099
345,768,75.0,S100
345,768,100.0,S101
345,768,100.0,S102
345,768,100.0,S103
345,768,100.0,S104
345,768,100.0,S108
345,768,100.0,S109
345,768,100.0,S110
345,768,100.0,S112
345,768,100.0,S114
345,768,100.0,S115
345,768,100.0,S118
345,768,100.0,S121
345,768,100.0,S123
345,768,100.0,S124
345,768,100.0,S127
345,768,100.0,S128
345,768,75.0,S129
345,768,100.0,S132
345,768,75.0,S136
345,768,25.0,S137
345,768,100.0,S139
345,768,100.0,S142
345,768,100.0,S143
345,768,75.0,S144
345,768,100.0,S148
345,768,100.0,S149
345,768,100.0,S150
345,768,75.0,S152
345,768,100.0,S153
345,768,100.0,S154
345,768,50.0,S156
345,768,100.0,S158
345,768,75.0,S159
345,768,100.0,S160
345,768,75.0,S161
345,768,75.0,S162
345,768,100.0,S163
345,768,75.0,S165
345,768,100.0,S166
345,768,100.0,S168
345,768,100.0,S169
345,768,100.0,S170
345,768,100.0,S171
345,768,75.0,S172
345,768,50.0,S174
345,768,75.0,S175
345,768,75.0,S176
345,768,100.0,S179
345,768,100.0,S181
345,768,100.0,S182
345,768,75.0,S185
345,770,66.7,S001
345,770,66.7,S003
345,770,66.7,S005
345,770,66.7,S006
345,770,66.7,S008
345,770,66.7,S009
345,770,66.7,S010
345,770,33.3,S012
345,770,66.7,S013
345,770,66.7,S014
345,770,33.3,S015
345,770,66.7,S016
345,770,66.7,S021
345,770,66.7,S022
345,770,66.7,S024
345,770,66.7,S025
345,770,66.7,S026
345,770,66.7,S027
345,770,66.7,S028
345,770,66.7,S031
345,770,66.7,S033
345,770,66.7,S034
345,770,66.7,S035
345,770,66.7,S036
345,770,66.7,S037
345,770,66.7,S041
345,770,66.7,S044
345,770,66.7,S045
345,770,33.3,S049
345,770,66.7,S050
345,770,66.7,S051
345,770,66.7,S054
345,770,66.7,S055
345,770,66.7,S057
345,770,66.7,S058
345,770,66.7,S060
345,770,66.7,S062
345,770,66.7,S064
345,770,66.7,S065
345,770,66.7,S067
345,770,66.7,S068
345,770,66.7,S072
345,770,66.7,S073
345,770,66.7,S074
345,770,66.7,S076
345,770,66.7,S078
345,770,66.7,S079
345,770,66.7,S080
345,770,66.7,S081
345,770,66.7,S082
345,770,66.7,S083
345,770,66.7,S085
345,770,66.7,S086
345,770,66.7,S088
345,770,66.7,S089
345,770,66.7,S092
345,770,66.7,S096
345,770,66.7,S097
345,770,66.7,S099
345,770,66.7,S100
345,770,66.7,S101
345,770,66.7,S102
345,770,66.7,S103
345,770,66.7,S104
345,770,66.7,S108
345,770,66.7,S109
345,770,66.7,S110
345,770,66.7,S112
345,770,66.7,S114
345,770,66.7,S115
345,770,66.7,S117
345,770,66.7,S118
345,770,66.7,S121
345,770,66.7,S123
345,770,66.7,S124
345,770,66.7,S127
345,770,66.7,S128
345,770,66.7,S129
345,770,66.7,S132
345,770,66.7,S134
345,770,66.7,S136
345,770,66.7,S137
345,770,66.7,S139
345,770,66.7,S142
345,770,66.7,S143
345,770,66.7,S144
345,770,66.7,S148
345,770,66.7,S149
345,770,66.7,S150
345,770,66.7,S152
345,770,66.7,S153
345,770,66.7,S154
345,770,66.7,S156
345,770,66.7,S158
345,770,66.7,S159
345,770,66.7,S160
345,770,66.7,S161
345,770,66.7,S162
345,770,66.7,S163
345,770,66.7,S165
345,770,66.7,S166
345,770,66.7,S168
345,770,66.7,S169
345,770,66.7,S170
345,770,66.7,S171
345,770,66.7,S172
345,770,33.3,S173
345,770,66.7,S174
345,770,66.7,S175
345,770,33.3,S176
345,770,66.7,S177
345,770,66.7,S179
345,770,66.7,S180
345,770,66.7,S181
345,770,66.7,S182
345,770,66.7,S185
345,773,52.6,S001
345,773,57.9,S003
345,773,57.9,S005
345,773,68.4,S006
345,773,68.4,S008
345,773,57.9,S009
345,773,89.5,S010
345,773,68.4,S013
345,773,84.2,S014
345,773,26.3,S015
345,773,31.6,S019
345,773,78.9,S021
345,773,89.5,S022
345,773,89.5,S024
345,773,73.7,S025
345,773,73.7,S026
345,773,36.8,S027
345,773,73.7,S028
345,773,42.1,S031
345,773,42.1,S033
345,773,47.4,S034
345,773,52.6,S035
345,773,42.1,S037
345,773,15.8,S041
345,773,78.9,S045
345,773,73.7,S049
345,773,78.9,S050
345,773,84.2,S051
345,773,63.2,S054
345,773,31.6,S055
345,773,68.4,S057
345,773,73.7,S058
345,773,73.7,S060
345,773,73.7,S064
345,773,26.3,S065
345,773,68.4,S067
345,773,42.1,S068
345,773,68.4,S072
345,773,47.4,S073
345,773,78.9,S074
345,773,89.5,S076
345,773,73.7,S078
345,773,36.8,S080
345,773,63.2,S081
345,773,63.2,S082
345,773,52.6,S086
345,773,78.9,S088
345,773,78.9,S089
345,773,47.4,S092
345,773,84.2,S096
345,773,42.1,S097
345,773,78.9,S099
345,773,42.1,S101
345,773,63.2,S102
345,773,84.2,S103
345,773,73.7,S104
345,773,84.2,S108
345,773,63.2,S112
345,773,63.2,S114
345,773,73.7,S115
345,773,89.5,S117
345,773,84.2,S118
345,773,73.7,S121
345,773,73.7,S123
345,773,73.7,S124
345,773,78.9,S127
345,773,63.2,S128
345,773,52.6,S129
345,773,68.4,S132
345,773,78.9,S136
345,773,31.6,S137
345,773,73.7,S139
345,773,47.4,S142
345,773,84.2,S143
345,773,52.6,S144
345,773,42.1,S148
345,773,89.5,S149
345,773,26.3,S150
345,773,36.8,S152
345,773,63.2,S153
345,773,31.6,S154
345,773,31.6,S156
345,773,73.7,S159
345,773,57.9,S160
345,773,73.7,S162
345,773,52.6,S163
345,773,57.9,S165
345,773,57.9,S166
345,773,68.4,S168
345,773,63.2,S169
345,773,89.5,S170
345,773,84.2,S172
345,773,73.7,S173
345,773,68.4,S174
345,773,42.1,S175
345,773,31.6,S177
345,773,63.2,S179
345,773,63.2,S181
345,773,73.7,S182
345,773,52.6,S185
345,778,28.0,S001
345,778,32.0,S005
345,778,88.0,S006
345,778,52.0,S008
345,778,68.0,S009
345,778,80.0,S010
345,778,84.0,S013
345,778,96.0,S014
345,778,20.0,S019
345,778,96.0,S021
345,778,96.0,S022
345,778,96.0,S024
345,778,84.0,S025
345,778,52.0,S026
345,778,32.0,S027
345,778,88.0,S028
345,778,52.0,S031
345,778,52.0,S033
345,778,72.0,S034
345,778,76.0,S035
345,778,32.0,S037
345,778,64.0,S041
345,778,28.0,S044
345,778,80.0,S045
345,778,76.0,S049
345,778,84.0,S050
345,778,88.0,S051
345,778,80.0,S054
345,778,80.0,S055
345,778,60.0,S057
345,778,92.0,S058
345,778,64.0,S060
345,778,84.0,S062
345,778,32.0,S064
345,778,44.0,S065
345,778,80.0,S067
345,778,20.0,S068
345,778,64.0,S073
345,778,48.0,S074
345,778,92.0,S076
345,778,76.0,S078
345,778,4.0,S080
345,778,60.0,S081
345,778,100.0,S082
345,778,84.0,S086
345,778,56.0,S092
345,778,100.0,S097
345,778,84.0,S099
345,778,96.0,S100
345,778,16.0,S101
345,778,88.0,S102
345,778,92.0,S103
345,778,84.0,S108
345,778,68.0,S110
345,778,88.0,S112
345,778,72.0,S114
345,778,64.0,S115
345,778,64.0,S121
345,778,88.0,S123
345,778,80.0,S127
345,778,72.0,S128
345,778,52.0,S129
345,778,36.0,S132
345,778,64.0,S136
345,778,32.0,S137
345,778,84.0,S139
345,778,52.0,S142
345,778,92.0,S143
345,778,84.0,S144
345,778,88.0,S148
345,778,92.0,S149
345,778,36.0,S150
345,778,56.0,S152
345,778,68.0,S153
345,778,40.0,S156
345,778,4.0,S158
345,778,44.0,S159
345,778,52.0,S160
345,778,84.0,S161
345,778,92.0,S163
345,778,56.0,S165
345,778,68.0,S166
345,778,72.0,S168
345,778,80.0,S169
345,778,56.0,S170
345,778,88.0,S171
345,778,92.0,S172
345,778,68.0,S175
345,778,64.0,S177
345,778,56.0,S179
345,778,72.0,S181
345,778,24.0,S182
345,778,68.0,S185
345,784,91.3,S006
345,784,17.4,S019
345,784,73.9,S021
345,784,100.0,S024
345,784,100.0,S025
345,784,56.5,S027
345,784,95.7,S051
345,784,100.0,S058
345,784,39.1,S067
345,784,100.0,S076
345,784,34.8,S083
345,784,87.0,S097
345,784,87.0,S099
345,784,100.0,S100
345,784,78.3,S112
345,784,52.2,S115
345,784,100.0,S121
345,784,34.8,S127
345,784,34.8,S137
345,784,100.0,S149
345,784,21.7,S162
345,784,34.8,S171
345,784,95.7,S172
345,784,56.5,S185
345,786,50.0,S001
345,786,100.0,S003
345,786,100.0,S005
345,786,50.0,S006
345,786,50.0,S008
345,786,50.0,S009
345,786,100.0,S010
345,786,75.0,S012
345,786,75.0,S013
345,786,100.0,S014
345,786,100.0,S015
345,786,100.0,S019
345,786,25.0,S021
345,786,100.0,S022
345,786,100.0,S024
345,786,50.0,S025
345,786,50.0,S026
345,786,50.0,S027
345,786,75.0,S031
345,786,100.0,S033
345,786,50.0,S034
345,786,50.0,S035
345,786,75.0,S036
345,786,75.0,S037
345,786,100.0,S041
345,786,75.0,S044
345,786,100.0,S045
345,786,100.0,S050
345,786,100.0,S051
345,786,50.0,S054
345,786,75.0,S055
345,786,100.0,S057
345,786,75.0,S058
345,786,50.0,S060
345,786,75.0,S062
345,786,100.0,S064
345,786,100.0,S065
345,786,50.0,S067
345,786,100.0,S068
345,786,75.0,S072
345,786,100.0,S073
345,786,100.0,S074
345,786,50.0,S076
345,786,100.0,S078
345,786,50.0,S079
345,786,50.0,S080
345,786,50.0,S081
345,786,100.0,S082
345,786,50.0,S085
345,786,100.0,S086
345,786,50.0,S088
345,786,75.0,S092
345,786,100.0,S097
345,786,100.0,S099
345,786,50.0,S101
345,786,75.0,S102
345,786,100.0,S103
345,786,100.0,S104
345,786,100.0,S109
345,786,75.0,S110
345,786,100.0,S112
345,786,50.0,S114
345,786,75.0,S115
345,786,100.0,S117
345,786,50.0,S118
345,786,50.0,S121
345,786,100.0,S123
345,786,50.0,S124
345,786,75.0,S127
345,786,50.0,S128
345,786,50.0,S129
345,786,100.0,S132
345,786,50.0,S136
345,786,100.0,S137
345,786,50.0,S139
345,786,50.0,S142
345,786,100.0,S143
345,786,100.0,S144
345,786,100.0,S148
345,786,100.0,S149
345,786,50.0,S150
345,786,25.0,S152
345,786,100.0,S153
345,786,75.0,S154
345,786,75.0,S156
345,786,100.0,S158
345,786,75.0,S159
345,786,50.0,S160
345,786,50.0,S161
345,786,50.0,S162
345,786,50.0,S163
345,786,50.0,S166
345,786,100.0,S168
345,786,100.0,S169
345,786,50.0,S170
345,786,50.0,S171
345,786,75.0,S172
345,786,100.0,S174
345,786,100.0,S175
345,786,75.0,S177
345,786,100.0,S179
345,786,50.0,S181
345,786,50.0,S182
345,786,75.0,S185
345,787,70.0,S001
345,787,60.0,S003
345,787,90.0,S006
345,787,30.0,S008
345,787,50.0,S009
345,787,80.0,S010
345,787,80.0,S012
345,787,80.0,S013
345,787,90.0,S014
345,787,50.0,S015
345,787,20.0,S019
345,787,90.0,S021
345,787,90.0,S022
345,787,90.0,S024
345,787,90.0,S025
345,787,50.0,S026
345,787,80.0,S027
345,787,90.0,S028
345,787,60.0,S031
345,787,90.0,S033
345,787,50.0,S034
345,787,80.0,S035
345,787,50.0,S037
345,787,80.0,S041
345,787,60.0,S044
345,787,80.0,S045
345,787,50.0,S050
345,787,90.0,S051
345,787,90.0,S054
345,787,60.0,S055
345,787,20.0,S057
345,787,90.0,S058
345,787,90.0,S060
345,787,30.0,S062
345,787,60.0,S065
345,787,50.0,S067
345,787,50.0,S068
345,787,30.0,S072
345,787,30.0,S073
345,787,60.0,S074
345,787,90.0,S076
345,787,30.0,S080
345,787,30.0,S081
345,787,90.0,S082
345,787,60.0,S085
345,787,50.0,S086
345,787,70.0,S088
345,787,90.0,S092
345,787,50.0,S097
345,787,80.0,S099
345,787,90.0,S100
345,787,50.0,S101
345,787,50.0,S102
345,787,90.0,S103
345,787,80.0,S108
345,787,90.0,S109
345,787,80.0,S110
345,787,90.0,S112
345,787,40.0,S114
345,787,50.0,S115
345,787,90.0,S118
345,787,90.0,S121
345,787,90.0,S123
345,787,10.0,S124
345,787,90.0,S127
345,787,60.0,S128
345,787,60.0,S129
345,787,80.0,S132
345,787,70.0,S136
345,787,0.0,S137
345,787,90.0,S139
345,787,50.0,S142
345,787,90.0,S143
345,787,90.0,S144
345,787,60.0,S148
345,787,90.0,S149
345,787,90.0,S150
345,787,20.0,S152
345,787,80.0,S153
345,787,50.0,S154
345,787,50.0,S156
345,787,20.0,S159
345,787,80.0,S160
345,787,80.0,S161
345,787,30.0,S162
345,787,80.0,S163
345,787,60.0,S165
345,787,40.0,S166
345,787,80.0,S168
345,787,90.0,S169
345,787,30.0,S171
345,787,90.0,S172
345,787,80.0,S174
345,787,80.0,S175
345,787,30.0,S176
345,787,40.0,S179
345,787,80.0,S180
345,787,40.0,S181
345,787,80.0,S185
345,790,72.0,S001
345,790,84.0,S003
345,790,96.0,S006
345,790,76.0,S008
345,790,44.0,S009
345,790,80.0,S010
345,790,60.0,S013
345,790,88.0,S014
345,790,32.0,S015
345,790,40.0,S019
345,790,80.0,S021
345,790,84.0,S022
345,790,100.0,S024
345,790,92.0,S025
345,790,76.0,S026
345,790,76.0,S027
345,790,96.0,S028
345,790,68.0,S031
345,790,40.0,S033
345,790,56.0,S034
345,790,92.0,S035
345,790,80.0,S037
345,790,32.0,S041
345,790,84.0,S045
345,790,100.0,S049
345,790,96.0,S050
345,790,92.0,S051
345,790,64.0,S054
345,790,28.0,S055
345,790,68.0,S057
345,790,84.0,S058
345,790,72.0,S060
345,790,52.0,S064
345,790,56.0,S065
345,790,84.0,S067
345,790,44.0,S068
345,790,92.0,S072
345,790,24.0,S073
345,790,88.0,S074
345,790,92.0,S076
345,790,56.0,S078
345,790,40.0,S080
345,790,76.0,S081
345,790,96.0,S082
345,790,68.0,S085
345,790,48.0,S086
345,790,56.0,S088
345,790,60.0,S089
345,790,36.0,S092
345,790,92.0,S096
345,790,64.0,S097
345,790,68.0,S099
345,790,84.0,S100
345,790,40.0,S101
345,790,40.0,S102
345,790,92.0,S103
345,790,84.0,S108
345,790,80.0,S109
345,790,88.0,S110
345,790,72.0,S112
345,790,72.0,S114
345,790,68.0,S115
345,790,84.0,S117
345,790,92.0,S118
345,790,80.0,S121
345,790,76.0,S123
345,790,68.0,S124
345,790,64.0,S127
345,790,44.0,S128
345,790,60.0,S129
345,790,72.0,S132
345,790,88.0,S136
345,790,24.0,S137
345,790,72.0,S139
345,790,64.0,S142
345,790,100.0,S143
345,790,76.0,S144
345,790,84.0,S148
345,790,88.0,S149
345,790,60.0,S150
345,790,76.0,S153
345,790,52.0,S156
345,790,60.0,S159
345,790,72.0,S160
345,790,76.0,S163
345,790,68.0,S165
345,790,68.0,S166
345,790,48.0,S169
345,790,64.0,S170
345,790,88.0,S171
345,790,76.0,S172
345,790,88.0,S174
345,790,72.0,S175
345,790,44.0,S177
345,790,56.0,S179
345,790,92.0,S181
345,790,92.0,S182
345,790,72.0,S185
345,791,100.0,S001
345,791,20.0,S003
345,791,80.0,S006
345,791,20.0,S008
345,791,60.0,S010
345,791,100.0,S013
345,791,80.0,S014
345,791,20.0,S015
345,791,0.0,S016
345,791,0.0,S019
345,791,60.0,S021
345,791,80.0,S022
345,791,100.0,S024
345,791,80.0,S025
345,791,80.0,S026
345,791,100.0,S027
345,791,100.0,S028
345,791,40.0,S031
345,791,70.0,S034
345,791,100.0,S035
345,791,100.0,S037
345,791,60.0,S041
345,791,60.0,S045
345,791,40.0,S049
345,791,20.0,S050
345,791,80.0,S051
345,791,100.0,S054
345,791,30.0,S055
345,791,40.0,S057
345,791,60.0,S058
345,791,100.0,S060
345,791,20.0,S062
345,791,60.0,S064
345,791,100.0,S065
345,791,20.0,S067
345,791,20.0,S068
345,791,0.0,S073
345,791,0.0,S074
345,791,80.0,S076
345,791,60.0,S078
345,791,80.0,S079
345,791,30.0,S080
345,791,20.0,S081
345,791,60.0,S082
345,791,90.0,S086
345,791,100.0,S088
345,791,60.0,S089
345,791,100.0,S096
345,791,50.0,S097
345,791,80.0,S099
345,791,70.0,S100
345,791,50.0,S101
345,791,100.0,S102
345,791,90.0,S103
345,791,60.0,S104
345,791,80.0,S109
345,791,60.0,S110
345,791,90.0,S112
345,791,20.0,S114
345,791,40.0,S115
345,791,0.0,S118
345,791,100.0,S121
345,791,60.0,S123
345,791,100.0,S127
345,791,100.0,S128
345,791,60.0,S132
345,791,60.0,S134
345,791,100.0,S136
345,791,10.0,S137
345,791,100.0,S139
345,791,20.0,S142
345,791,100.0,S143
345,791,100.0,S144
345,791,100.0,S148
345,791,60.0,S149
345,791,30.0,S150
345,791,10.0,S152
345,791,80.0,S153
345,791,20.0,S154
345,791,100.0,S156
345,791,20.0,S158
345,791,60.0,S159
345,791,70.0,S160
345,791,100.0,S162
345,791,80.0,S163
345,791,30.0,S165
345,791,100.0,S166
345,791,70.0,S168
345,791,40.0,S169
345,791,60.0,S170
345,791,40.0,S171
345,791,80.0,S172
345,791,80.0,S174
345,791,60.0,S175
345,791,20.0,S176
345,791,10.0,S177
345,791,50.0,S179
345,791,30.0,S180
345,791,60.0,S181
345,791,100.0,S182
345,791,80.0,S185
345,794,0.0,S001
345,794,100.0,S022
345,794,20.0,S035
345,794,40.0,S067
345,794,80.0,S099
345,794,80.0,S108
345,794,100.0,S149
345,794,60.0,S170
345,796,100.0,S001
345,796,100.0,S003
345,796,100.0,S005
345,796,25.0,S006
345,796,100.0,S008
345,796,100.0,S009
345,796,100.0,S010
345,796,25.0,S012
345,796,100.0,S013
345,796,100.0,S014
345,796,100.0,S019
345,796,100.0,S022
345,796,100.0,S025
345,796,25.0,S026
345,796,100.0,S027
345,796,100.0,S031
345,796,100.0,S033
345,796,100.0,S035
345,796,50.0,S036
345,796,100.0,S037
345,796,100.0,S041
345,796,100.0,S044
345,796,25.0,S049
345,796,100.0,S050
345,796,100.0,S051
345,796,100.0,S054
345,796,75.0,S057
345,796,100.0,S058
345,796,25.0,S060
345,796,100.0,S062
345,796,100.0,S064
345,796,100.0,S065
345,796,100.0,S067
345,796,100.0,S068
345,796,100.0,S072
345,796,100.0,S073
345,796,100.0,S074
345,796,100.0,S076
345,796,100.0,S078
345,796,100.0,S079
345,796,100.0,S080
345,796,100.0,S081
345,796,50.0,S082
345,796,100.0,S086
345,796,100.0,S089
345,796,100.0,S092
345,796,100.0,S096
345,796,100.0,S097
345,796,100.0,S099
345,796,25.0,S100
345,796,100.0,S101
345,796,100.0,S102
345,796,100.0,S103
345,796,100.0,S108
345,796,100.0,S109
345,796,100.0,S110
345,796,100.0,S112
345,796,100.0,S114
345,796,100.0,S118
345,796,100.0,S121
345,796,100.0,S123
345,796,100.0,S124
345,796,100.0,S127
345,796,100.0,S128
345,796,100.0,S129
345,796,100.0,S132
345,796,25.0,S134
345,796,100.0,S137
345,796,100.0,S139
345,796,100.0,S142
345,796,100.0,S143
345,796,100.0,S144
345,796,100.0,S148
345,796,100.0,S149
345,796,50.0,S150
345,796,0.0,S152
345,796,100.0,S153
345,796,100.0,S154
345,796,100.0,S156
345,796,100.0,S158
345,796,25.0,S159
345,796,100.0,S160
345,796,100.0,S161
345,796,100.0,S165
345,796,100.0,S166
345,796,100.0,S168
345,796,100.0,S169
345,796,100.0,S170
345,796,100.0,S171
345,796,100.0,S172
345,796,100.0,S174
345,796,100.0,S176
345,796,100.0,S177
345,796,50.0,S179
345,796,100.0,S181
345,796,100.0,S185
345,797,100.0,S001
345,797,80.0,S008
345,797,100.0,S009
345,797,80.0,S010
345,797,100.0,S013
345,797,40.0,S014
345,797,40.0,S015
345,797,80.0,S021
345,797,80.0,S022
345,797,80.0,S025
345,797,40.0,S026
345,797,80.0,S027
345,797,80.0,S031
345,797,80.0,S033
345,797,80.0,S035
345,797,80.0,S037
345,797,40.0,S041
345,797,60.0,S044
345,797,100.0,S050
345,797,80.0,S051
345,797,60.0,S054
345,797,80.0,S055
345,797,100.0,S057
345,797,20.0,S058
345,797,20.0,S062
345,797,80.0,S067
345,797,60.0,S068
345,797,80.0,S074
345,797,80.0,S076
345,797,80.0,S078
345,797,40.0,S081
345,797,100.0,S082
345,797,80.0,S089
345,797,100.0,S092
345,797,100.0,S096
345,797,60.0,S101
345,797,60.0,S102
345,797,60.0,S103
345,797,0.0,S104
345,797,100.0,S108
345,797,100.0,S110
345,797,80.0,S112
345,797,80.0,S123
345,797,100.0,S127
345,797,80.0,S128
345,797,40.0,S129
345,797,100.0,S132
345,797,80.0,S139
345,797,80.0,S142
345,797,100.0,S143
345,797,60.0,S148
345,797,80.0,S153
345,797,20.0,S156
345,797,80.0,S160
345,797,100.0,S165
345,797,100.0,S168
345,797,100.0,S169
345,797,80.0,S170
345,797,80.0,S171
345,797,80.0,S172
345,797,80.0,S174
345,797,40.0,S176
345,797,60.0,S177
345,797,100.0,S179
345,797,60.0,S180
345,797,100.0,S181
345,797,80.0,S185
345,799,100.0,S001
345,799,100.0,S003
345,799,100.0,S005
345,799,100.0,S006
345,799,0.0,S008
345,799,50.0,S009
345,799,0.0,S010
345,799,100.0,S012
345,799,100.0,S013
345,799,100.0,S016
345,799,0.0,S019
345,799,50.0,S021
345,799,100.0,S022
345,799,100.0,S024
345,799,0.0,S026
345,799,50.0,S027
345,799,100.0,S031
345,799,100.0,S033
345,799,100.0,S034
345,799,0.0,S036
345,799,100.0,S037
345,799,0.0,S041
345,799,0.0,S049
345,799,100.0,S050
345,799,100.0,S051
345,799,100.0,S054
345,799,100.0,S057
345,799,0.0,S058
345,799,0.0,S060
345,799,0.0,S062
345,799,0.0,S064
345,799,100.0,S065
345,799,0.0,S067
345,799,100.0,S068
345,799,100.0,S074
345,799,100.0,S076
345,799,100.0,S078
345,799,100.0,S080
345,799,0.0,S081
345,799,50.0,S085
345,799,100.0,S086
345,799,100.0,S088
345,799,0.0,S089
345,799,100.0,S092
345,799,100.0,S097
345,799,50.0,S099
345,799,100.0,S101
345,799,100.0,S102
345,799,100.0,S103
345,799,100.0,S104
345,799,100.0,S108
345,799,100.0,S109
345,799,100.0,S110
345,799,100.0,S112
345,799,0.0,S114
345,799,0.0,S118
345,799,0.0,S121
345,799,100.0,S123
345,799,100.0,S124
345,799,100.0,S127
345,799,0.0,S128
345,799,100.0,S137
345,799,0.0,S139
345,799,0.0,S142
345,799,100.0,S143
345,799,100.0,S144
345,799,100.0,S148
345,799,100.0,S149
345,799,100.0,S150
345,799,0.0,S152
345,799,100.0,S153
345,799,100.0,S154
345,799,100.0,S156
345,799,100.0,S158
345,799,50.0,S159
345,799,0.0,S160
345,799,100.0,S161
345,799,100.0,S163
345,799,100.0,S165
345,799,100.0,S168
345,799,100.0,S169
345,799,100.0,S170
345,799,100.0,S171
345,799,100.0,S172
345,799,100.0,S175
345,799,50.0,S176
345,799,0.0,S177
345,799,100.0,S179
345,799,100.0,S182
345,799,50.0,S185
345,802,44.4,S001
345,802,66.7,S003
345,802,66.7,S006
345,802,66.7,S008
345,802,77.8,S009
345,802,77.8,S010
345,802,55.6,S013
345,802,77.8,S014
345,802,44.4,S019
345,802,55.6,S021
345,802,77.8,S022
345,802,77.8,S024
345,802,66.7,S025
345,802,44.4,S026
345,802,77.8,S027
345,802,100.0,S028
345,802,44.4,S031
345,802,66.7,S033
345,802,33.3,S034
345,802,44.4,S036
345,802,55.6,S037
345,802,22.2,S041
345,802,77.8,S045
345,802,88.9,S049
345,802,77.8,S051
345,802,44.4,S054
345,802,22.2,S055
345,802,22.2,S057
345,802,88.9,S058
345,802,55.6,S060
345,802,22.2,S064
345,802,44.4,S065
345,802,66.7,S067
345,802,22.2,S068
345,802,66.7,S072
345,802,33.3,S073
345,802,66.7,S074
345,802,88.9,S076
345,802,100.0,S078
345,802,77.8,S079
345,802,44.4,S080
345,802,88.9,S081
345,802,77.8,S082
345,802,55.6,S086
345,802,22.2,S088
345,802,66.7,S092
345,802,66.7,S096
345,802,100.0,S097
345,802,100.0,S099
345,802,100.0,S100
345,802,55.6,S101
345,802,77.8,S102
345,802,66.7,S103
345,802,33.3,S104
345,802,55.6,S108
345,802,44.4,S110
345,802,66.7,S112
345,802,77.8,S114
345,802,22.2,S115
345,802,66.7,S117
345,802,66.7,S118
345,802,55.6,S121
345,802,66.7,S123
345,802,0.0,S124
345,802,44.4,S127
345,802,22.2,S128
345,802,55.6,S129
345,802,55.6,S134
345,802,44.4,S137
345,802,77.8,S139
345,802,22.2,S142
345,802,88.9,S143
345,802,66.7,S144
345,802,44.4,S148
345,802,77.8,S149
345,802,66.7,S150
345,802,66.7,S152
345,802,55.6,S153
345,802,22.2,S154
345,802,22.2,S156
345,802,55.6,S159
345,802,55.6,S160
345,802,44.4,S161
345,802,77.8,S163
345,802,77.8,S165
345,802,77.8,S166
345,802,88.9,S168
345,802,33.3,S169
345,802,33.3,S170
345,802,100.0,S171
345,802,66.7,S172
345,802,77.8,S174
345,802,77.8,S175
345,802,55.6,S177
345,802,55.6,S179
345,802,88.9,S182
345,802,66.7,S185
345,803,100.0,S001
345,803,100.0,S003
345,803,100.0,S006
345,803,100.0,S008
345,803,100.0,S009
345,803,100.0,S010
345,803,50.0,S012
345,803,100.0,S013
345,803,100.0,S014
345,803,0.0,S015
345,803,100.0,S016
345,803,100.0,S019
345,803,100.0,S022
345,803,100.0,S024
345,803,100.0,S025
345,803,100.0,S026
345,803,100.0,S027
345,803,100.0,S028
345,803,100.0,S031
345,803,100.0,S033
345,803,100.0,S034
345,803,100.0,S036
345,803,100.0,S037
345,803,100.0,S041
345,803,100.0,S044
345,803,50.0,S045
345,803,100.0,S049
345,803,100.0,S050
345,803,100.0,S051
345,803,100.0,S054
345,803,100.0,S055
345,803,100.0,S057
345,803,100.0,S058
345,803,100.0,S060
345,803,100.0,S062
345,803,100.0,S064
345,803,100.0,S065
345,803,100.0,S067
345,803,100.0,S068
345,803,100.0,S072
345,803,100.0,S073
345,803,100.0,S074
345,803,100.0,S076
345,803,100.0,S078
345,803,100.0,S080
345,803,100.0,S081
345,803,100.0,S082
345,803,100.0,S086
345,803,75.0,S088
345,803,100.0,S089
345,803,100.0,S092
345,803,100.0,S096
345,803,100.0,S097
345,803,100.0,S099
345,803,100.0,S100
345,803,100.0,S101
345,803,100.0,S102
345,803,100.0,S103
345,803,100.0,S108
345,803,100.0,S109
345,803,100.0,S110
345,803,100.0,S112
345,803,75.0,S114
345,803,100.0,S115
345,803,100.0,S117
345,803,50.0,S118
345,803,100.0,S121
345,803,100.0,S123
345,803,100.0,S124
345,803,100.0,S127
345,803,75.0,S128
345,803,100.0,S129
345,803,100.0,S132
345,803,100.0,S134
345,803,100.0,S136
345,803,100.0,S137
345,803,100.0,S139
345,803,100.0,S142
345,803,100.0,S143
345,803,100.0,S144
345,803,100.0,S148
345,803,100.0,S150
345,803,75.0,S152
345,803,100.0,S153
345,803,100.0,S154
345,803,100.0,S156
345,803,100.0,S158
345,803,100.0,S159
345,803,100.0,S160
345,803,100.0,S161
345,803,100.0,S163
345,803,100.0,S165
345,803,100.0,S166
345,803,100.0,S168
345,803,100.0,S169
345,803,100.0,S170
345,803,100.0,S171
345,803,100.0,S172
345,803,100.0,S174
345,803,100.0,S175
345,803,100.0,S177
345,803,100.0,S179
345,803,100.0,S180
345,803,100.0,S181
345,803,100.0,S182
345,803,100.0,S185
345,804,70.0,S003
345,804,80.0,S006
345,804,80.0,S008
345,804,80.0,S013
345,804,100.0,S014
345,804,50.0,S019
345,804,90.0,S022
345,804,100.0,S024
345,804,80.0,S025
345,804,50.0,S026
345,804,30.0,S031
345,804,30.0,S034
345,804,20.0,S044
345,804,60.0,S045
345,804,60.0,S049
345,804,90.0,S051
345,804,60.0,S054
345,804,100.0,S058
345,804,40.0,S060
345,804,40.0,S064
345,804,50.0,S065
345,804,30.0,S067
345,804,100.0,S072
345,804,90.0,S076
345,804,20.0,S081
345,804,100.0,S082
345,804,40.0,S088
345,804,20.0,S089
345,804,90.0,S097
345,804,60.0,S099
345,804,40.0,S101
345,804,60.0,S103
345,804,100.0,S108
345,804,100.0,S109
345,804,100.0,S112
345,804,40.0,S123
345,804,100.0,S127
345,804,70.0,S129
345,804,60.0,S132
345,804,20.0,S136
345,804,40.0,S137
345,804,40.0,S139
345,804,90.0,S143
345,804,90.0,S144
345,804,70.0,S148
345,804,100.0,S149
345,804,30.0,S150
345,804,30.0,S152
345,804,30.0,S156
345,804,30.0,S159
345,804,40.0,S165
345,804,40.0,S166
345,804,70.0,S168
345,804,60.0,S169
345,804,20.0,S170
345,804,70.0,S172
345,804,40.0,S174
345,804,60.0,S175
345,804,40.0,S177
345,806,50.0,S001
345,806,33.3,S003
345,806,100.0,S005
345,806,100.0,S006
345,806,83.3,S008
345,806,50.0,S009
345,806,83.3,S010
345,806,100.0,S012
345,806,83.3,S013
345,806,83.3,S014
345,806,33.3,S019
345,806,83.3,S021
345,806,83.3,S022
345,806,83.3,S024
345,806,100.0,S025
345,806,50.0,S026
345,806,50.0,S027
345,806,83.3,S028
345,806,50.0,S031
345,806,83.3,S033
345,806,0.0,S034
345,806,50.0,S036
345,806,66.7,S037
345,806,50.0,S041
345,806,100.0,S044
345,806,83.3,S045
345,806,83.3,S049
345,806,50.0,S050
345,806,100.0,S051
345,806,83.3,S057
345,806,50.0,S058
345,806,50.0,S060
345,806,66.7,S062
345,806,50.0,S064
345,806,100.0,S065
345,806,50.0,S067
345,806,100.0,S068
345,806,100.0,S074
345,806,50.0,S076
345,806,83.3,S078
345,806,66.7,S080
345,806,50.0,S081
345,806,83.3,S082
345,806,100.0,S086
345,806,50.0,S088
345,806,16.7,S089
345,806,33.3,S092
345,806,83.3,S096
345,806,33.3,S097
345,806,66.7,S099
345,806,50.0,S101
345,806,83.3,S102
345,806,83.3,S103
345,806,100.0,S104
345,806,100.0,S109
345,806,50.0,S110
345,806,83.3,S112
345,806,50.0,S114
345,806,83.3,S115
345,806,83.3,S117
345,806,33.3,S118
345,806,50.0,S121
345,806,100.0,S124
345,806,50.0,S127
345,806,83.3,S128
345,806,100.0,S129
345,806,66.7,S132
345,806,83.3,S136
345,806,50.0,S139
345,806,50.0,S142
345,806,83.3,S143
345,806,50.0,S144
345,806,100.0,S148
345,806,100.0,S149
345,806,33.3,S150
345,806,83.3,S152
345,806,83.3,S153
345,806,16.7,S154
345,806,66.7,S156
345,806,100.0,S158
345,806,83.3,S159
345,806,50.0,S160
345,806,66.7,S161
345,806,16.7,S162
345,806,33.3,S163
345,806,100.0,S165
345,806,83.3,S168
345,806,100.0,S169
345,806,33.3,S171
345,806,50.0,S172
345,806,83.3,S174
345,806,66.7,S175
345,806,50.0,S179
345,806,50.0,S181
345,806,100.0,S182
345,806,50.0,S185
345,808,70.0,S001
345,808,80.0,S003
345,808,10.0,S008
345,808,40.0,S009
345,808,70.0,S010
345,808,80.0,S013
345,808,100.0,S014
345,808,30.0,S015
345,808,20.0,S019
345,808,70.0,S022
345,808,90.0,S024
345,808,80.0,S025
345,808,40.0,S026
345,808,0.0,S027
345,808,100.0,S028
345,808,60.0,S031
345,808,10.0,S033
345,808,40.0,S036
345,808,10.0,S037
345,808,50.0,S041
345,808,10.0,S044
345,808,70.0,S045
345,808,100.0,S049
345,808,90.0,S051
345,808,70.0,S054
345,808,10.0,S055
345,808,10.0,S057
345,808,100.0,S058
345,808,10.0,S060
345,808,40.0,S062
345,808,20.0,S064
345,808,40.0,S065
345,808,90.0,S067
345,808,30.0,S068
345,808,100.0,S072
345,808,100.0,S074
345,808,100.0,S076
345,808,100.0,S078
345,808,80.0,S079
345,808,40.0,S080
345,808,20.0,S081
345,808,90.0,S082
345,808,30.0,S086
345,808,30.0,S088
345,808,10.0,S089
345,808,50.0,S092
345,808,60.0,S096
345,808,80.0,S097
345,808,80.0,S099
345,808,100.0,S100
345,808,30.0,S101
345,808,70.0,S103
345,808,20.0,S104
345,808,60.0,S108
345,808,90.0,S109
345,808,90.0,S110
345,808,80.0,S112
345,808,50.0,S115
345,808,100.0,S118
345,808,90.0,S121
345,808,60.0,S124
345,808,30.0,S127
345,808,20.0,S128
345,808,50.0,S129
345,808,50.0,S132
345,808,30.0,S136
345,808,40.0,S137
345,808,50.0,S139
345,808,10.0,S142
345,808,100.0,S143
345,808,100.0,S144
345,808,100.0,S148
345,808,90.0,S149
345,808,20.0,S150
345,808,30.0,S152
345,808,90.0,S153
345,808,60.0,S154
345,808,10.0,S156
345,808,30.0,S159
345,808,30.0,S160
345,808,70.0,S161
345,808,20.0,S163
345,808,50.0,S165
345,808,30.0,S166
345,808,100.0,S168
345,808,40.0,S169
345,808,30.0,S170
345,808,30.0,S171
345,808,90.0,S172
345,808,100.0,S174
345,808,60.0,S175
345,808,40.0,S176
345,808,30.0,S179
345,808,20.0,S181
345,808,90.0,S182
345,811,,S001
345,811,,S003
345,811,,S005
345,811,,S006
345,811,,S008
345,811,,S009
345,811,,S010
345,811,,S012
345,811,,S014
345,811,,S015
345,811,,S016
345,811,,S019
345,811,,S021
345,811,,S022
345,811,,S025
345,811,,S026
345,811,,S027
345,811,,S031
345,811,,S033
345,811,,S036
345,811,,S037
345,811,,S041
345,811,,S044
345,811,,S049
345,811,,S050
345,811,,S051
345,811,,S054
345,811,,S055
345,811,,S057
345,811,,S058
345,811,,S060
345,811,,S062
345,811,,S064
345,811,,S065
345,811,,S067
345,811,,S068
345,811,,S073
345,811,,S074
345,811,,S076
345,811,,S078
345,811,,S079
345,811,,S080
345,811,,S081
345,811,,S082
345,811,,S086
345,811,,S088
345,811,,S089
345,811,,S092
345,811,,S096
345,811,,S097
345,811,,S099
345,811,,S100
345,811,,S101
345,811,,S102
345,811,,S103
345,811,,S104
345,811,,S108
345,811,,S109
345,811,,S110
345,811,,S112
345,811,,S114
345,811,,S115
345,811,,S117
345,811,,S118
345,811,,S121
345,811,,S123
345,811,,S124
345,811,,S127
345,811,,S128
345,811,,S129
345,811,,S132
345,811,,S134
345,811,,S136
345,811,,S139
345,811,,S142
345,811,,S143
345,811,,S144
345,811,,S148
345,811,,S149
345,811,,S150
345,811,,S153
345,811,,S154
345,811,,S156
345,811,,S158
345,811,,S160
345,811,,S161
345,811,,S163
345,811,,S165
345,811,,S166
345,811,,S168
345,811,,S169
345,811,,S170
345,811,,S171
345,811,,S172
345,811,,S173
345,811,,S174
345,811,,S175
345,811,,S177
345,811,,S179
345,811,,S181
345,811,,S185
345,812,100.0,S001
345,812,100.0,S003
345,812,100.0,S005
345,812,100.0,S006
345,812,100.0,S008
345,812,100.0,S009
345,812,100.0,S010
345,812,100.0,S012
345,812,100.0,S013
345,812,100.0,S014
345,812,100.0,S016
345,812,40.0,S019
345,812,100.0,S022
345,812,100.0,S025
345,812,100.0,S026
345,812,100.0,S027
345,812,100.0,S028
345,812,100.0,S031
345,812,100.0,S033
345,812,100.0,S034
345,812,100.0,S036
345,812,100.0,S037
345,812,80.0,S041
345,812,100.0,S044
345,812,100.0,S045
345,812,100.0,S049
345,812,100.0,S050
345,812,100.0,S051
345,812,100.0,S054
345,812,100.0,S055
345,812,100.0,S057
345,812,100.0,S058
345,812,100.0,S060
345,812,100.0,S062
345,812,80.0,S064
345,812,100.0,S065
345,812,100.0,S067
345,812,100.0,S068
345,812,100.0,S072
345,812,100.0,S073
345,812,100.0,S074
345,812,100.0,S078
345,812,80.0,S079
345,812,100.0,S080
345,812,100.0,S081
345,812,100.0,S082
345,812,100.0,S085
345,812,100.0,S088
345,812,80.0,S089
345,812,80.0,S092
345,812,100.0,S096
345,812,100.0,S097
345,812,100.0,S099
345,812,100.0,S101
345,812,100.0,S102
345,812,100.0,S103
345,812,40.0,S104
345,812,100.0,S108
345,812,100.0,S110
345,812,100.0,S112
345,812,100.0,S114
345,812,100.0,S115
345,812,100.0,S118
345,812,80.0,S121
345,812,80.0,S123
345,812,100.0,S127
345,812,100.0,S128
345,812,100.0,S129
345,812,100.0,S132
345,812,40.0,S136
345,812,100.0,S137
345,812,100.0,S139
345,812,100.0,S142
345,812,100.0,S143
345,812,100.0,S144
345,812,100.0,S148
345,812,100.0,S149
345,812,100.0,S150
345,812,80.0,S152
345,812,100.0,S153
345,812,100.0,S156
345,812,100.0,S158
345,812,100.0,S159
345,812,100.0,S160
345,812,100.0,S161
345,812,100.0,S163
345,812,100.0,S165
345,812,100.0,S166
345,812,100.0,S168
345,812,100.0,S169
345,812,100.0,S170
345,812,100.0,S171
345,812,100.0,S172
345,812,100.0,S173
345,812,100.0,S174
345,812,80.0,S175
345,812,100.0,S176
345,812,100.0,S177
345,812,100.0,S179
345,812,100.0,S180
345,812,100.0,S181
345,812,80.0,S185
345,813,80.0,S001
345,813,100.0,S003
345,813,100.0,S006
345,813,70.0,S008
345,813,80.0,S009
345,813,80.0,S010
345,813,100.0,S013
345,813,100.0,S014
345,813,40.0,S015
345,813,30.0,S019
345,813,100.0,S022
345,813,100.0,S024
345,813,100.0,S025
345,813,100.0,S026
345,813,50.0,S027
345,813,70.0,S031
345,813,30.0,S033
345,813,40.0,S036
345,813,90.0,S037
345,813,50.0,S041
345,813,50.0,S044
345,813,100.0,S045
345,813,100.0,S049
345,813,100.0,S050
345,813,90.0,S051
345,813,90.0,S054
345,813,30.0,S055
345,813,70.0,S057
345,813,90.0,S058
345,813,100.0,S060
345,813,10.0,S062
345,813,100.0,S064
345,813,80.0,S065
345,813,100.0,S067
345,813,40.0,S068
345,813,50.0,S074
345,813,100.0,S076
345,813,100.0,S078
345,813,30.0,S080
345,813,70.0,S081
345,813,100.0,S082
345,813,70.0,S086
345,813,70.0,S088
345,813,70.0,S089
345,813,30.0,S092
345,813,80.0,S097
345,813,90.0,S099
345,813,100.0,S100
345,813,90.0,S101
345,813,40.0,S102
345,813,70.0,S103
345,813,30.0,S104
345,813,100.0,S108
345,813,100.0,S109
345,813,80.0,S110
345,813,80.0,S112
345,813,90.0,S114
345,813,90.0,S115
345,813,100.0,S117
345,813,100.0,S118
345,813,90.0,S121
345,813,50.0,S123
345,813,60.0,S124
345,813,70.0,S127
345,813,70.0,S128
345,813,60.0,S129
345,813,70.0,S132
345,813,40.0,S137
345,813,50.0,S139
345,813,80.0,S142
345,813,100.0,S143
345,813,100.0,S144
345,813,100.0,S148
345,813,80.0,S149
345,813,50.0,S150
345,813,30.0,S152
345,813,50.0,S153
345,813,60.0,S154
345,813,50.0,S156
345,813,60.0,S159
345,813,80.0,S160
345,813,80.0,S163
345,813,90.0,S165
345,813,100.0,S168
345,813,40.0,S169
345,813,70.0,S170
345,813,90.0,S171
345,813,100.0,S172
345,813,90.0,S173
345,813,80.0,S174
345,813,100.0,S175
345,813,60.0,S176
345,813,60.0,S179
345,813,10.0,S181
345,813,90.0,S185
345,815,75.0,S001
345,815,75.0,S003
345,815,75.0,S005
345,815,50.0,S006
345,815,100.0,S008
345,815,100.0,S009
345,815,100.0,S010
345,815,100.0,S012
345,815,25.0,S013
345,815,50.0,S014
345,815,100.0,S016
345,815,100.0,S019
345,815,50.0,S022
345,815,100.0,S024
345,815,100.0,S025
345,815,100.0,S026
345,815,100.0,S027
345,815,100.0,S028
345,815,100.0,S031
345,815,25.0,S033
345,815,50.0,S034
345,815,100.0,S036
345,815,50.0,S037
345,815,100.0,S041
345,815,100.0,S044
345,815,25.0,S049
345,815,100.0,S050
345,815,75.0,S051
345,815,100.0,S055
345,815,75.0,S057
345,815,100.0,S058
345,815,75.0,S060
345,815,100.0,S062
345,815,100.0,S064
345,815,100.0,S065
345,815,100.0,S067
345,815,75.0,S068
345,815,75.0,S072
345,815,100.0,S073
345,815,100.0,S074
345,815,100.0,S076
345,815,100.0,S078
345,815,50.0,S079
345,815,100.0,S080
345,815,75.0,S082
345,815,50.0,S085
345,815,100.0,S086
345,815,100.0,S088
345,815,100.0,S089
345,815,75.0,S092
345,815,100.0,S096
345,815,50.0,S097
345,815,75.0,S099
345,815,50.0,S100
345,815,75.0,S101
345,815,100.0,S102
345,815,100.0,S103
345,815,0.0,S108
345,815,100.0,S109
345,815,100.0,S110
345,815,100.0,S112
345,815,100.0,S114
345,815,100.0,S115
345,815,50.0,S118
345,815,100.0,S121
345,815,100.0,S123
345,815,100.0,S127
345,815,75.0,S128
345,815,50.0,S129
345,815,100.0,S132
345,815,25.0,S134
345,815,100.0,S136
345,815,100.0,S137
345,815,100.0,S139
345,815,100.0,S142
345,815,100.0,S143
345,815,50.0,S144
345,815,100.0,S148
345,815,100.0,S149
345,815,25.0,S150
345,815,25.0,S152
345,815,100.0,S153
345,815,100.0,S154
345,815,50.0,S158
345,815,100.0,S159
345,815,50.0,S160
345,815,50.0,S161
345,815,100.0,S163
345,815,100.0,S165
345,815,75.0,S166
345,815,100.0,S168
345,815,100.0,S169
345,815,100.0,S170
345,815,100.0,S171
345,815,100.0,S172
345,815,75.0,S173
345,815,100.0,S175
345,815,50.0,S176
345,815,100.0,S177
345,815,75.0,S181
345,815,100.0,S185
345,818,85.7,S001
345,818,78.6,S003
345,818,85.7,S006
345,818,78.6,S008
345,818,85.7,S009
345,818,71.4,S010
345,818,57.1,S012
345,818,78.6,S013
345,818,85.7,S014
345,818,7.1,S015
345,818,50.0,S019
345,818,85.7,S022
345,818,85.7,S024
345,818,85.7,S025
345,818,85.7,S026
345,818,85.7,S027
345,818,92.9,S028
345,818,57.1,S031
345,818,57.1,S033
345,818,57.1,S034
345,818,28.6,S035
345,818,71.4,S036
345,818,71.4,S037
345,818,57.1,S041
345,818,78.6,S045
345,818,85.7,S049
345,818,71.4,S050
345,818,85.7,S051
345,818,85.7,S054
345,818,64.3,S055
345,818,85.7,S057
345,818,85.7,S058
345,818,85.7,S060
345,818,78.6,S064
345,818,85.7,S065
345,818,85.7,S067
345,818,35.7,S068
345,818,85.7,S072
345,818,85.7,S074
345,818,92.9,S076
345,818,78.6,S078
345,818,85.7,S079
345,818,28.6,S080
345,818,64.3,S081
345,818,92.9,S082
345,818,50.0,S086
345,818,64.3,S088
345,818,85.7,S089
345,818,57.1,S092
345,818,57.1,S096
345,818,71.4,S097
345,818,78.6,S099
345,818,78.6,S100
345,818,64.3,S101
345,818,78.6,S102
345,818,78.6,S103
345,818,50.0,S104
345,818,85.7,S108
345,818,85.7,S109
345,818,78.6,S110
345,818,85.7,S112
345,818,78.6,S114
345,818,42.9,S115
345,818,92.9,S117
345,818,85.7,S118
345,818,92.9,S121
345,818,85.7,S123
345,818,35.7,S124
345,818,85.7,S127
345,818,78.6,S128
345,818,78.6,S132
345,818,14.3,S137
345,818,71.4,S139
345,818,50.0,S142
345,818,85.7,S143
345,818,50.0,S144
345,818,71.4,S148
345,818,35.7,S150
345,818,64.3,S152
345,818,71.4,S153
345,818,57.1,S154
345,818,50.0,S156
345,818,85.7,S159
345,818,85.7,S160
345,818,71.4,S161
345,818,57.1,S163
345,818,78.6,S165
345,818,78.6,S166
345,818,92.9,S168
345,818,50.0,S169
345,818,100.0,S170
345,818,85.7,S171
345,818,92.9,S172
345,818,85.7,S173
345,818,92.9,S174
345,818,92.9,S175
345,818,71.4,S177
345,818,85.7,S179
345,818,71.4,S181
345,818,85.7,S182
345,818,50.0,S185
345,819,60.0,S001
345,819,80.0,S003
345,819,100.0,S005
345,819,60.0,S006
345,819,60.0,S008
345,819,40.0,S009
345,819,100.0,S010
345,819,80.0,S012
345,819,80.0,S013
345,819,100.0,S015
345,819,100.0,S016
345,819,80.0,S019
345,819,100.0,S021
345,819,100.0,S022
345,819,80.0,S024
345,819,80.0,S025
345,819,60.0,S026
345,819,60.0,S027
345,819,100.0,S028
345,819,80.0,S031
345,819,60.0,S033
345,819,80.0,S034
345,819,60.0,S035
345,819,100.0,S037
345,819,80.0,S041
345,819,80.0,S044
345,819,80.0,S045
345,819,100.0,S049
345,819,60.0,S050
345,819,100.0,S051
345,819,80.0,S055
345,819,60.0,S057
345,819,60.0,S058
345,819,60.0,S060
345,819,80.0,S062
345,819,60.0,S064
345,819,80.0,S065
345,819,60.0,S067
345,819,100.0,S068
345,819,60.0,S073
345,819,80.0,S074
345,819,80.0,S076
345,819,40.0,S078
345,819,80.0,S079
345,819,80.0,S080
345,819,60.0,S081
345,819,80.0,S082
345,819,80.0,S086
345,819,60.0,S088
345,819,80.0,S089
345,819,80.0,S092
345,819,80.0,S097
345,819,60.0,S099
345,819,0.0,S100
345,819,60.0,S101
345,819,80.0,S103
345,819,60.0,S104
345,819,80.0,S108
345,819,100.0,S109
345,819,60.0,S110
345,819,80.0,S112
345,819,60.0,S114
345,819,60.0,S118
345,819,80.0,S123
345,819,80.0,S124
345,819,60.0,S127
345,819,100.0,S128
345,819,80.0,S129
345,819,60.0,S132
345,819,20.0,S136
345,819,80.0,S137
345,819,60.0,S139
345,819,80.0,S142
345,819,100.0,S143
345,819,100.0,S144
345,819,80.0,S148
345,819,60.0,S150
345,819,60.0,S152
345,819,80.0,S153
345,819,100.0,S154
345,819,80.0,S156
345,819,100.0,S158
345,819,60.0,S159
345,819,80.0,S160
345,819,80.0,S161
345,819,80.0,S163
345,819,60.0,S165
345,819,60.0,S166
345,819,80.0,S168
345,819,80.0,S169
345,819,60.0,S170
345,819,60.0,S171
345,819,60.0,S172
345,819,60.0,S173
345,819,80.0,S175
345,819,60.0,S176
345,819,60.0,S177
345,819,60.0,S179
345,819,60.0,S181
345,819,80.0,S182
345,819,20.0,S185
345,820,90.0,S001
345,820,100.0,S006
345,820,30.0,S008
345,820,80.0,S009
345,820,100.0,S013
345,820,100.0,S014
345,820,80.0,S019
345,820,100.0,S022
345,820,100.0,S024
345,820,100.0,S025
345,820,70.0,S026
345,820,10.0,S027
345,820,90.0,S028
345,820,90.0,S031
345,820,50.0,S033
345,820,70.0,S034
345,820,30.0,S035
345,820,60.0,S037
345,820,40.0,S041
345,820,80.0,S045
345,820,100.0,S049
345,820,100.0,S051
345,820,90.0,S054
345,820,70.0,S055
345,820,60.0,S057
345,820,100.0,S058
345,820,100.0,S060
345,820,30.0,S064
345,820,90.0,S065
345,820,40.0,S067
345,820,50.0,S068
345,820,100.0,S072
345,820,50.0,S073
345,820,100.0,S074
345,820,100.0,S076
345,820,100.0,S078
345,820,100.0,S079
345,820,40.0,S080
345,820,60.0,S081
345,820,100.0,S082
345,820,90.0,S086
345,820,40.0,S088
345,820,80.0,S092
345,820,100.0,S097
345,820,80.0,S099
345,820,100.0,S100
345,820,90.0,S101
345,820,100.0,S102
345,820,60.0,S103
345,820,100.0,S108
345,820,100.0,S109
345,820,100.0,S110
345,820,100.0,S112
345,820,80.0,S114
345,820,80.0,S115
345,820,100.0,S117
345,820,100.0,S121
345,820,50.0,S123
345,820,90.0,S127
345,820,90.0,S128
345,820,60.0,S129
345,820,50.0,S132
345,820,100.0,S134
345,820,30.0,S137
345,820,90.0,S139
345,820,80.0,S142
345,820,100.0,S143
345,820,100.0,S144
345,820,80.0,S148
345,820,90.0,S149
345,820,60.0,S150
345,820,60.0,S152
345,820,40.0,S153
345,820,30.0,S154
345,820,50.0,S156
345,820,60.0,S159
345,820,80.0,S160
345,820,90.0,S163
345,820,80.0,S165
345,820,40.0,S166
345,820,100.0,S168
345,820,40.0,S169
345,820,80.0,S170
345,820,100.0,S171
345,820,100.0,S172
345,820,100.0,S175
345,820,50.0,S180
345,820,100.0,S182
345,822,100.0,S001
345,822,100.0,S003
345,822,25.0,S005
345,822,100.0,S006
345,822,100.0,S008
345,822,100.0,S009
345,822,100.0,S010
345,822,100.0,S012
345,822,100.0,S013
345,822,100.0,S014
345,822,100.0,S015
345,822,100.0,S016
345,822,100.0,S019
345,822,100.0,S022
345,822,100.0,S024
345,822,100.0,S025
345,822,100.0,S026
345,822,100.0,S027
345,822,100.0,S028
345,822,100.0,S031
345,822,100.0,S034
345,822,100.0,S035
345,822,100.0,S036
345,822,100.0,S037
345,822,100.0,S041
345,822,100.0,S044
345,822,100.0,S045
345,822,100.0,S049
345,822,100.0,S050
345,822,100.0,S051
345,822,100.0,S054
345,822,100.0,S055
345,822,100.0,S057
345,822,100.0,S058
345,822,100.0,S060
345,822,100.0,S062
345,822,100.0,S064
345,822,100.0,S065
345,822,100.0,S067
345,822,100.0,S072
345,822,100.0,S073
345,822,100.0,S074
345,822,100.0,S076
345,822,100.0,S078
345,822,100.0,S079
345,822,100.0,S080
345,822,100.0,S086
345,822,100.0,S088
345,822,100.0,S089
345,822,50.0,S092
345,822,100.0,S096
345,822,100.0,S097
345,822,100.0,S099
345,822,100.0,S101
345,822,100.0,S103
345,822,100.0,S108
345,822,100.0,S109
345,822,100.0,S110
345,822,100.0,S112
345,822,100.0,S114
345,822,100.0,S115
345,822,100.0,S118
345,822,100.0,S121
345,822,100.0,S123
345,822,100.0,S124
345,822,100.0,S127
345,822,100.0,S128
345,822,100.0,S129
345,822,100.0,S132
345,822,100.0,S134
345,822,100.0,S136
345,822,100.0,S137
345,822,100.0,S139
345,822,100.0,S142
345,822,100.0,S143
345,822,100.0,S144
345,822,100.0,S148
345,822,100.0,S149
345,822,100.0,S150
345,822,50.0,S152
345,822,100.0,S153
345,822,100.0,S154
345,822,100.0,S156
345,822,100.0,S158
345,822,100.0,S159
345,822,100.0,S160
345,822,100.0,S161
345,822,100.0,S162
345,822,100.0,S163
345,822,75.0,S165
345,822,0.0,S166
345,822,100.0,S168
345,822,100.0,S169
345,822,100.0,S170
345,822,100.0,S171
345,822,100.0,S172
345,822,75.0,S173
345,822,100.0,S174
345,822,100.0,S176
345,822,100.0,S177
345,822,100.0,S179
345,822,100.0,S180
345,822,75.0,S181
345,822,100.0,S182
345,822,100.0,S185
345,823,100.0,S001
345,823,70.0,S003
345,823,90.0,S006
345,823,40.0,S008
345,823,100.0,S009
345,823,100.0,S010
345,823,80.0,S012
345,823,100.0,S013
345,823,90.0,S014
345,823,90.0,S015
345,823,100.0,S019
345,823,100.0,S022
345,823,100.0,S024
345,823,90.0,S025
345,823,100.0,S026
345,823,100.0,S027
345,823,100.0,S028
345,823,70.0,S031
345,823,80.0,S033
345,823,40.0,S035
345,823,60.0,S036
345,823,50.0,S037
345,823,80.0,S041
345,823,80.0,S044
345,823,90.0,S045
345,823,90.0,S050
345,823,100.0,S051
345,823,100.0,S054
345,823,70.0,S055
345,823,100.0,S057
345,823,100.0,S058
345,823,100.0,S060
345,823,100.0,S062
345,823,30.0,S064
345,823,80.0,S065
345,823,100.0,S067
345,823,80.0,S068
345,823,100.0,S074
345,823,100.0,S076
345,823,100.0,S078
345,823,100.0,S079
345,823,70.0,S080
345,823,100.0,S081
345,823,100.0,S082
345,823,100.0,S086
345,823,100.0,S088
345,823,100.0,S089
345,823,80.0,S092
345,823,40.0,S096
345,823,100.0,S097
345,823,90.0,S099
345,823,90.0,S101
345,823,100.0,S102
345,823,90.0,S103
345,823,50.0,S104
345,823,100.0,S108
345,823,100.0,S109
345,823,100.0,S110
345,823,100.0,S112
345,823,90.0,S114
345,823,90.0,S115
345,823,100.0,S118
345,823,90.0,S121
345,823,90.0,S123
345,823,100.0,S127
345,823,100.0,S128
345,823,70.0,S129
345,823,100.0,S132
345,823,90.0,S134
345,823,40.0,S137
345,823,90.0,S139
345,823,80.0,S142
345,823,100.0,S143
345,823,100.0,S144
345,823,100.0,S148
345,823,100.0,S149
345,823,70.0,S150
345,823,30.0,S152
345,823,90.0,S153
345,823,70.0,S154
345,823,100.0,S156
345,823,90.0,S159
345,823,100.0,S160
345,823,100.0,S163
345,823,80.0,S165
345,823,100.0,S166
345,823,100.0,S168
345,823,30.0,S169
345,823,100.0,S170
345,823,100.0,S171
345,823,100.0,S172
345,823,100.0,S174
345,823,50.0,S176
345,823,40.0,S177
345,823,60.0,S179
345,823,80.0,S181
345,823,100.0,S182
345,823,60.0,S185
345,825,100.0,S001
345,825,75.0,S003
345,825,100.0,S006
345,825,100.0,S008
345,825,50.0,S009
345,825,100.0,S010
345,825,25.0,S012
345,825,100.0,S013
345,825,100.0,S014
345,825,0.0,S015
345,825,75.0,S019
345,825,100.0,S022
345,825,100.0,S025
345,825,100.0,S026
345,825,75.0,S027
345,825,100.0,S028
345,825,100.0,S031
345,825,100.0,S033
345,825,75.0,S034
345,825,100.0,S035
345,825,100.0,S036
345,825,100.0,S037
345,825,100.0,S041
345,825,100.0,S044
345,825,100.0,S045
345,825,100.0,S049
345,825,75.0,S050
345,825,100.0,S051
345,825,75.0,S054
345,825,100.0,S055
345,825,100.0,S057
345,825,100.0,S058
345,825,75.0,S060
345,825,100.0,S062
345,825,75.0,S064
345,825,100.0,S065
345,825,100.0,S067
345,825,100.0,S068
345,825,100.0,S072
345,825,100.0,S074
345,825,75.0,S078
345,825,100.0,S079
345,825,100.0,S080
345,825,100.0,S081
345,825,100.0,S082
345,825,100.0,S086
345,825,100.0,S088
345,825,100.0,S089
345,825,100.0,S092
345,825,100.0,S096
345,825,100.0,S097
345,825,75.0,S099
345,825,100.0,S100
345,825,75.0,S101
345,825,75.0,S103
345,825,100.0,S104
345,825,100.0,S108
345,825,100.0,S109
345,825,100.0,S110
345,825,100.0,S112
345,825,100.0,S114
345,825,75.0,S115
345,825,75.0,S118
345,825,100.0,S121
345,825,50.0,S123
345,825,75.0,S124
345,825,100.0,S127
345,825,100.0,S128
345,825,100.0,S129
345,825,100.0,S132
345,825,100.0,S136
345,825,100.0,S137
345,825,100.0,S139
345,825,100.0,S142
345,825,100.0,S143
345,825,75.0,S144
345,825,100.0,S148
345,825,100.0,S149
345,825,75.0,S150
345,825,50.0,S152
345,825,100.0,S153
345,825,75.0,S154
345,825,100.0,S156
345,825,0.0,S158
345,825,50.0,S159
345,825,100.0,S160
345,825,100.0,S161
345,825,100.0,S163
345,825,100.0,S165
345,825,100.0,S166
345,825,100.0,S168
345,825,100.0,S169
345,825,75.0,S170
345,825,100.0,S171
345,825,100.0,S172
345,825,25.0,S173
345,825,75.0,S174
345,825,100.0,S175
345,825,100.0,S177
345,825,100.0,S179
345,825,100.0,S180
345,825,100.0,S181
345,825,75.0,S182
345,825,50.0,S185
345,826,66.7,S001
345,826,100.0,S006
345,826,33.3,S008
345,826,83.3,S009
345,826,33.3,S012
345,826,100.0,S013
345,826,100.0,S014
345,826,50.0,S015
345,826,83.3,S019
345,826,100.0,S022
345,826,100.0,S024
345,826,83.3,S025
345,826,100.0,S026
345,826,16.7,S027
345,826,100.0,S028
345,826,33.3,S031
345,826,50.0,S033
345,826,33.3,S035
345,826,100.0,S037
345,826,16.7,S041
345,826,100.0,S049
345,826,50.0,S050
345,826,83.3,S051
345,826,50.0,S054
345,826,33.3,S055
345,826,100.0,S057
345,826,100.0,S058
345,826,100.0,S060
345,826,33.3,S064
345,826,33.3,S065
345,826,100.0,S067
345,826,83.3,S068
345,826,100.0,S074
345,826,100.0,S076
345,826,83.3,S078
345,826,0.0,S080
345,826,33.3,S081
345,826,83.3,S082
345,826,83.3,S086
345,826,16.7,S088
345,826,16.7,S092
345,826,100.0,S096
345,826,83.3,S097
345,826,66.7,S099
345,826,100.0,S100
345,826,83.3,S101
345,826,100.0,S103
345,826,33.3,S104
345,826,100.0,S108
345,826,33.3,S109
345,826,16.7,S110
345,826,100.0,S112
345,826,33.3,S114
345,826,66.7,S115
345,826,83.3,S118
345,826,66.7,S121
345,826,100.0,S123
345,826,66.7,S127
345,826,50.0,S128
345,826,66.7,S129
345,826,83.3,S132
345,826,83.3,S136
345,826,66.7,S139
345,826,50.0,S142
345,826,66.7,S143
345,826,100.0,S144
345,826,50.0,S148
345,826,66.7,S149
345,826,66.7,S150
345,826,33.3,S152
345,826,66.7,S153
345,826,16.7,S154
345,826,33.3,S156
345,826,100.0,S159
345,826,33.3,S160
345,826,83.3,S161
345,826,83.3,S163
345,826,33.3,S165
345,826,16.7,S166
345,826,33.3,S168
345,826,16.7,S169
345,826,83.3,S170
345,826,100.0,S171
345,826,100.0,S172
345,826,100.0,S173
345,826,83.3,S174
345,826,66.7,S175
345,826,66.7,S177
345,826,66.7,S179
345,826,33.3,S180
345,826,83.3,S181
345,826,16.7,S182
345,826,16.7,S185
345,828,100.0,S001
345,828,100.0,S003
345,828,100.0,S006
345,828,100.0,S008
345,828,100.0,S009
345,828,100.0,S010
345,828,100.0,S012
345,828,100.0,S013
345,828,100.0,S014
345,828,100.0,S022
345,828,100.0,S024
345,828,100.0,S025
345,828,100.0,S026
345,828,100.0,S027
345,828,100.0,S028
345,828,100.0,S031
345,828,100.0,S033
345,828,100.0,S034
345,828,100.0,S035
345,828,100.0,S036
345,828,100.0,S037
345,828,66.7,S041
345,828,66.7,S045
345,828,100.0,S050
345,828,100.0,S051
345,828,100.0,S054
345,828,0.0,S055
345,828,100.0,S057
345,828,100.0,S058
345,828,100.0,S060
345,828,100.0,S064
345,828,100.0,S065
345,828,100.0,S067
345,828,100.0,S068
345,828,100.0,S072
345,828,100.0,S073
345,828,100.0,S076
345,828,100.0,S078
345,828,100.0,S080
345,828,100.0,S081
345,828,100.0,S082
345,828,100.0,S086
345,828,100.0,S088
345,828,100.0,S089
345,828,100.0,S092
345,828,100.0,S097
345,828,100.0,S099
345,828,100.0,S100
345,828,100.0,S101
345,828,100.0,S103
345,828,100.0,S109
345,828,100.0,S110
345,828,100.0,S112
345,828,100.0,S114
345,828,100.0,S115
345,828,100.0,S121
345,828,66.7,S123
345,828,100.0,S124
345,828,100.0,S127
345,828,100.0,S128
345,828,100.0,S129
345,828,100.0,S132
345,828,100.0,S137
345,828,100.0,S139
345,828,100.0,S142
345,828,100.0,S143
345,828,100.0,S144
345,828,100.0,S148
345,828,100.0,S149
345,828,100.0,S150
345,828,100.0,S153
345,828,100.0,S154
345,828,100.0,S156
345,828,100.0,S160
345,828,100.0,S161
345,828,100.0,S163
345,828,100.0,S165
345,828,100.0,S168
345,828,100.0,S169
345,828,100.0,S170
345,828,100.0,S171
345,828,100.0,S172
345,828,33.3,S174
345,828,100.0,S175
345,828,66.7,S177
345,828,100.0,S179
345,828,100.0,S180
345,828,66.7,S181
345,828,100.0,S185
345,831,85.7,S001
345,831,85.7,S006
345,831,71.4,S008
345,831,85.7,S009
345,831,35.7,S010
345,831,64.3,S013
345,831,85.7,S014
345,831,57.1,S019
345,831,71.4,S021
345,831,85.7,S022
345,831,92.9,S024
345,831,85.7,S025
345,831,71.4,S026
345,831,78.6,S027
345,831,85.7,S028
345,831,57.1,S031
345,831,78.6,S033
345,831,85.7,S034
345,831,64.3,S035
345,831,64.3,S036
345,831,57.1,S037
345,831,50.0,S041
345,831,92.9,S045
345,831,85.7,S049
345,831,92.9,S050
345,831,85.7,S051
345,831,92.9,S054
345,831,57.1,S055
345,831,85.7,S058
345,831,85.7,S060
345,831,78.6,S064
345,831,78.6,S065
345,831,57.1,S067
345,831,21.4,S068
345,831,78.6,S072
345,831,85.7,S074
345,831,100.0,S076
345,831,85.7,S078
345,831,78.6,S079
345,831,35.7,S080
345,831,78.6,S081
345,831,21.4,S086
345,831,64.3,S088
345,831,85.7,S089
345,831,57.1,S092
345,831,92.9,S096
345,831,64.3,S097
345,831,85.7,S099
345,831,100.0,S100
345,831,64.3,S101
345,831,42.9,S102
345,831,78.6,S103
345,831,85.7,S108
345,831,78.6,S109
345,831,92.9,S110
345,831,92.9,S112
345,831,85.7,S114
345,831,71.4,S115
345,831,85.7,S118
345,831,85.7,S121
345,831,85.7,S123
345,831,64.3,S124
345,831,78.6,S127
345,831,64.3,S128
345,831,78.6,S129
345,831,78.6,S136
345,831,28.6,S137
345,831,78.6,S139
345,831,35.7,S142
345,831,78.6,S143
345,831,85.7,S144
345,831,71.4,S148
345,831,92.9,S149
345,831,57.1,S150
345,831,71.4,S153
345,831,7.1,S154
345,831,35.7,S156
345,831,71.4,S160
345,831,71.4,S161
345,831,78.6,S163
345,831,71.4,S165
345,831,85.7,S166
345,831,28.6,S169
345,831,42.9,S170
345,831,85.7,S172
345,831,85.7,S173
345,831,85.7,S174
345,831,71.4,S175
345,831,64.3,S177
345,831,71.4,S179
345,831,57.1,S181
345,831,85.7,S182
345,831,57.1,S185
345,833,70.0,S001
345,833,50.0,S003
345,833,80.0,S006
345,833,50.0,S008
345,833,70.0,S009
345,833,90.0,S010
345,833,60.0,S013
345,833,80.0,S014
345,833,60.0,S019
345,833,80.0,S022
345,833,80.0,S024
345,833,80.0,S025
345,833,70.0,S026
345,833,20.0,S027
345,833,50.0,S031
345,833,80.0,S033
345,833,70.0,S034
345,833,80.0,S035
345,833,30.0,S036
345,833,50.0,S037
345,833,80.0,S044
345,833,80.0,S045
345,833,80.0,S049
345,833,80.0,S050
345,833,80.0,S051
345,833,80.0,S054
345,833,70.0,S055
345,833,80.0,S057
345,833,80.0,S058
345,833,70.0,S060
345,833,20.0,S062
345,833,40.0,S064
345,833,70.0,S065
345,833,10.0,S067
345,833,50.0,S068
345,833,80.0,S072
345,833,80.0,S074
345,833,70.0,S078
345,833,70.0,S079
345,833,60.0,S080
345,833,70.0,S081
345,833,60.0,S082
345,833,50.0,S086
345,833,40.0,S088
345,833,50.0,S092
345,833,30.0,S097
345,833,60.0,S099
345,833,80.0,S101
345,833,80.0,S102
345,833,80.0,S103
345,833,80.0,S108
345,833,80.0,S109
345,833,80.0,S110
345,833,70.0,S112
345,833,70.0,S115
345,833,80.0,S121
345,833,80.0,S123
345,833,80.0,S127
345,833,60.0,S128
345,833,0.0,S129
345,833,60.0,S132
345,833,70.0,S136
345,833,40.0,S137
345,833,70.0,S139
345,833,40.0,S142
345,833,80.0,S143
345,833,80.0,S148
345,833,80.0,S149
345,833,40.0,S150
345,833,70.0,S153
345,833,70.0,S154
345,833,50.0,S156
345,833,40.0,S159
345,833,10.0,S160
345,833,80.0,S161
345,833,60.0,S163
345,833,80.0,S166
345,833,10.0,S169
345,833,30.0,S170
345,833,50.0,S171
345,833,80.0,S172
345,833,80.0,S174
345,833,80.0,S175
345,833,50.0,S177
345,833,50.0,S179
345,833,50.0,S181
345,833,70.0,S185
345,835,85.7,S001
345,835,100.0,S003
345,835,85.7,S006
345,835,100.0,S008
345,835,57.1,S009
345,835,85.7,S010
345,835,57.1,S012
345,835,100.0,S013
345,835,100.0,S014
345,835,100.0,S016
345,835,100.0,S019
345,835,100.0,S021
345,835,100.0,S022
345,835,100.0,S024
345,835,100.0,S025
345,835,57.1,S026
345,835,57.1,S027
345,835,100.0,S028
345,835,100.0,S031
345,835,85.7,S033
345,835,100.0,S034
345,835,85.7,S035
345,835,71.4,S036
345,835,100.0,S037
345,835,100.0,S041
345,835,85.7,S045
345,835,100.0,S049
345,835,100.0,S051
345,835,100.0,S054
345,835,100.0,S055
345,835,85.7,S057
345,835,71.4,S058
345,835,71.4,S060
345,835,100.0,S062
345,835,71.4,S064
345,835,100.0,S065
345,835,71.4,S067
345,835,100.0,S068
345,835,100.0,S073
345,835,85.7,S078
345,835,71.4,S080
345,835,0.0,S081
345,835,100.0,S082
345,835,100.0,S086
345,835,71.4,S088
345,835,100.0,S089
345,835,71.4,S092
345,835,71.4,S097
345,835,100.0,S099
345,835,100.0,S100
345,835,71.4,S101
345,835,100.0,S102
345,835,85.7,S103
345,835,85.7,S104
345,835,100.0,S108
345,835,100.0,S109
345,835,71.4,S110
345,835,100.0,S112
345,835,100.0,S114
345,835,100.0,S115
345,835,100.0,S117
345,835,100.0,S118
345,835,100.0,S121
345,835,100.0,S123
345,835,100.0,S124
345,835,85.7,S127
345,835,85.7,S128
345,835,100.0,S129
345,835,100.0,S132
345,835,100.0,S134
345,835,100.0,S139
345,835,100.0,S142
345,835,100.0,S143
345,835,71.4,S144
345,835,100.0,S148
345,835,71.4,S149
345,835,85.7,S150
345,835,42.9,S152
345,835,100.0,S153
345,835,100.0,S154
345,835,71.4,S156
345,835,85.7,S158
345,835,100.0,S159
345,835,85.7,S160
345,835,100.0,S161
345,835,57.1,S163
345,835,100.0,S165
345,835,100.0,S166
345,835,85.7,S168
345,835,100.0,S169
345,835,71.4,S170
345,835,100.0,S171
345,835,71.4,S172
345,835,100.0,S174
345,835,100.0,S175
345,835,0.0,S176
345,835,14.3,S177
345,835,57.1,S179
345,835,71.4,S181
345,835,85.7,S182
345,835,57.1,S185
345,836,90.0,S001
345,836,100.0,S006
345,836,50.0,S008
345,836,90.0,S009
345,836,90.0,S010
345,836,100.0,S012
345,836,100.0,S013
345,836,100.0,S014
345,836,30.0,S015
345,836,50.0,S019
345,836,100.0,S022
345,836,100.0,S024
345,836,90.0,S025
345,836,100.0,S026
345,836,30.0,S027
345,836,100.0,S028
345,836,50.0,S031
345,836,100.0,S033
345,836,100.0,S034
345,836,90.0,S035
345,836,50.0,S037
345,836,40.0,S041
345,836,80.0,S044
345,836,100.0,S049
345,836,90.0,S050
345,836,90.0,S054
345,836,80.0,S055
345,836,80.0,S057
345,836,100.0,S058
345,836,100.0,S060
345,836,100.0,S062
345,836,100.0,S064
345,836,50.0,S065
345,836,70.0,S067
345,836,30.0,S068
345,836,100.0,S074
345,836,100.0,S076
345,836,100.0,S078
345,836,60.0,S080
345,836,100.0,S082
345,836,60.0,S086
345,836,30.0,S088
345,836,20.0,S089
345,836,100.0,S097
345,836,100.0,S099
345,836,80.0,S101
345,836,90.0,S103
345,836,100.0,S104
345,836,100.0,S108
345,836,100.0,S109
345,836,100.0,S110
345,836,100.0,S112
345,836,100.0,S114
345,836,50.0,S115
345,836,90.0,S118
345,836,100.0,S121
345,836,100.0,S123
345,836,80.0,S127
345,836,70.0,S128
345,836,70.0,S129
345,836,40.0,S132
345,836,100.0,S134
345,836,80.0,S136
345,836,30.0,S137
345,836,100.0,S139
345,836,40.0,S142
345,836,100.0,S143
345,836,50.0,S144
345,836,100.0,S148
345,836,100.0,S149
345,836,70.0,S150
345,836,90.0,S152
345,836,100.0,S153
345,836,60.0,S154
345,836,30.0,S156
345,836,30.0,S159
345,836,30.0,S160
345,836,100.0,S161
345,836,90.0,S163
345,836,30.0,S165
345,836,100.0,S166
345,836,60.0,S169
345,836,30.0,S170
345,836,100.0,S172
345,836,90.0,S174
345,836,70.0,S175
345,836,70.0,S179
345,836,40.0,S181
345,836,100.0,S182
345,836,50.0,S185
345,838,100.0,S001
345,838,75.0,S003
345,838,100.0,S006
345,838,100.0,S008
345,838,75.0,S009
345,838,100.0,S010
345,838,75.0,S012
345,838,100.0,S014
345,838,25.0,S015
345,838,100.0,S021
345,838,100.0,S022
345,838,100.0,S026
345,838,25.0,S027
345,838,100.0,S028
345,838,100.0,S031
345,838,100.0,S033
345,838,100.0,S034
345,838,100.0,S035
345,838,100.0,S036
345,838,100.0,S037
345,838,100.0,S041
345,838,100.0,S044
345,838,100.0,S045
345,838,100.0,S049
345,838,100.0,S050
345,838,100.0,S051
345,838,100.0,S054
345,838,75.0,S055
345,838,100.0,S057
345,838,100.0,S058
345,838,100.0,S060
345,838,100.0,S062
345,838,100.0,S064
345,838,100.0,S065
345,838,100.0,S067
345,838,100.0,S068
345,838,100.0,S073
345,838,100.0,S074
345,838,100.0,S076
345,838,100.0,S078
345,838,100.0,S079
345,838,100.0,S080
345,838,100.0,S081
345,838,100.0,S086
345,838,100.0,S088
345,838,100.0,S089
345,838,100.0,S092
345,838,100.0,S097
345,838,100.0,S099
345,838,100.0,S102
345,838,100.0,S103
345,838,100.0,S104
345,838,100.0,S109
345,838,100.0,S110
345,838,100.0,S112
345,838,100.0,S114
345,838,100.0,S115
345,838,100.0,S118
345,838,100.0,S121
345,838,100.0,S123
345,838,100.0,S124
345,838,100.0,S127
345,838,100.0,S128
345,838,100.0,S129
345,838,100.0,S132
345,838,100.0,S134
345,838,100.0,S137
345,838,100.0,S139
345,838,100.0,S142
345,838,100.0,S143
345,838,100.0,S144
345,838,100.0,S148
345,838,100.0,S149
345,838,100.0,S150
345,838,100.0,S153
345,838,100.0,S154
345,838,100.0,S156
345,838,100.0,S160
345,838,100.0,S161
345,838,100.0,S163
345,838,100.0,S165
345,838,100.0,S166
345,838,100.0,S168
345,838,100.0,S169
345,838,100.0,S170
345,838,100.0,S171
345,838,100.0,S172
345,838,100.0,S174
345,838,100.0,S175
345,838,100.0,S177
345,838,75.0,S179
345,838,100.0,S180
345,838,100.0,S181
345,838,50.0,S185
345,839,72.7,S001
345,839,45.5,S006
345,839,90.9,S008
345,839,27.3,S009
345,839,81.8,S012
345,839,63.6,S013
345,839,81.8,S014
345,839,18.2,S015
345,839,27.3,S019
345,839,81.8,S021
345,839,81.8,S022
345,839,63.6,S025
345,839,45.5,S026
345,839,27.3,S027
345,839,72.7,S028
345,839,45.5,S033
345,839,36.4,S034
345,839,63.6,S035
345,839,72.7,S036
345,839,63.6,S037
345,839,45.5,S041
345,839,72.7,S044
345,839,54.5,S049
345,839,63.6,S050
345,839,72.7,S051
345,839,27.3,S054
345,839,18.2,S055
345,839,54.5,S057
345,839,81.8,S058
345,839,72.7,S060
345,839,81.8,S062
345,839,27.3,S064
345,839,45.5,S065
345,839,36.4,S067
345,839,18.2,S068
345,839,72.7,S074
345,839,90.9,S076
345,839,100.0,S078
345,839,45.5,S080
345,839,27.3,S081
345,839,72.7,S082
345,839,36.4,S086
345,839,54.5,S088
345,839,63.6,S089
345,839,27.3,S092
345,839,27.3,S097
345,839,27.3,S099
345,839,90.9,S100
345,839,63.6,S101
345,839,54.5,S102
345,839,72.7,S103
345,839,63.6,S104
345,839,81.8,S108
345,839,72.7,S109
345,839,45.5,S110
345,839,81.8,S112
345,839,45.5,S114
345,839,81.8,S115
345,839,81.8,S118
345,839,72.7,S121
345,839,54.5,S123
345,839,81.8,S127
345,839,36.4,S128
345,839,54.5,S129
345,839,36.4,S134
345,839,54.5,S136
345,839,27.3,S137
345,839,63.6,S139
345,839,18.2,S142
345,839,36.4,S143
345,839,54.5,S144
345,839,63.6,S148
345,839,90.9,S149
345,839,45.5,S150
345,839,63.6,S152
345,839,63.6,S153
345,839,27.3,S154
345,839,36.4,S156
345,839,9.1,S159
345,839,63.6,S160
345,839,81.8,S163
345,839,36.4,S165
345,839,63.6,S166
345,839,63.6,S168
345,839,18.2,S169
345,839,72.7,S171
345,839,72.7,S172
345,839,90.9,S174
345,839,81.8,S175
345,839,63.6,S179
345,839,72.7,S181
345,839,45.5,S185
345,841,100.0,S001
345,841,100.0,S003
345,841,100.0,S006
345,841,87.5,S008
345,841,100.0,S009
345,841,100.0,S010
345,841,87.5,S012
345,841,87.5,S013
345,841,100.0,S014
345,841,50.0,S015
345,841,100.0,S019
345,841,100.0,S022
345,841,100.0,S024
345,841,100.0,S025
345,841,100.0,S026
345,841,87.5,S027
345,841,100.0,S028
345,841,87.5,S031
345,841,100.0,S033
345,841,100.0,S034
345,841,100.0,S035
345,841,100.0,S036
345,841,100.0,S037
345,841,87.5,S041
345,841,100.0,S044
345,841,100.0,S049
345,841,100.0,S050
345,841,100.0,S051
345,841,62.5,S054
345,841,87.5,S055
345,841,100.0,S057
345,841,87.5,S058
345,841,100.0,S060
345,841,100.0,S062
345,841,87.5,S064
345,841,87.5,S065
345,841,100.0,S067
345,841,100.0,S068
345,841,87.5,S072
345,841,87.5,S074
345,841,100.0,S078
345,841,87.5,S079
345,841,100.0,S080
345,841,100.0,S081
345,841,87.5,S086
345,841,100.0,S088
345,841,87.5,S089
345,841,87.5,S092
345,841,100.0,S096
345,841,75.0,S097
345,841,100.0,S099
345,841,100.0,S100
345,841,100.0,S101
345,841,87.5,S102
345,841,100.0,S103
345,841,100.0,S104
345,841,87.5,S109
345,841,100.0,S110
345,841,100.0,S112
345,841,100.0,S114
345,841,100.0,S115
345,841,100.0,S121
345,841,100.0,S123
345,841,87.5,S124
345,841,100.0,S127
345,841,100.0,S128
345,841,100.0,S129
345,841,100.0,S132
345,841,87.5,S136
345,841,87.5,S137
345,841,100.0,S139
345,841,100.0,S142
345,841,87.5,S143
345,841,100.0,S144
345,841,87.5,S148
345,841,87.5,S149
345,841,100.0,S150
345,841,37.5,S152
345,841,100.0,S153
345,841,87.5,S154
345,841,100.0,S156
345,841,100.0,S158
345,841,87.5,S159
345,841,100.0,S160
345,841,100.0,S161
345,841,75.0,S163
345,841,100.0,S165
345,841,75.0,S166
345,841,87.5,S168
345,841,100.0,S169
345,841,75.0,S170
345,841,100.0,S171
345,841,100.0,S172
345,841,100.0,S174
345,841,87.5,S175
345,841,75.0,S177
345,841,100.0,S179
345,841,100.0,S180
345,841,100.0,S181
345,841,87.5,S182
345,841,100.0,S185
345,842,80.0,S001
345,842,100.0,S006
345,842,80.0,S009
345,842,80.0,S010
345,842,70.0,S012
345,842,90.0,S013
345,842,100.0,S014
345,842,60.0,S015
345,842,40.0,S019
345,842,90.0,S021
345,842,90.0,S022
345,842,100.0,S024
345,842,100.0,S025
345,842,70.0,S026
345,842,50.0,S027
345,842,90.0,S028
345,842,40.0,S031
345,842,70.0,S033
345,842,100.0,S034
345,842,90.0,S035
345,842,40.0,S037
345,842,40.0,S041
345,842,90.0,S044
345,842,100.0,S045
345,842,100.0,S049
345,842,90.0,S050
345,842,90.0,S051
345,842,80.0,S054
345,842,100.0,S055
345,842,70.0,S057
345,842,100.0,S058
345,842,100.0,S060
345,842,20.0,S064
345,842,50.0,S065
345,842,100.0,S067
345,842,30.0,S068
345,842,90.0,S073
345,842,100.0,S074
345,842,100.0,S076
345,842,60.0,S078
345,842,40.0,S080
345,842,70.0,S081
345,842,50.0,S086
345,842,80.0,S088
345,842,50.0,S092
345,842,100.0,S096
345,842,90.0,S097
345,842,90.0,S099
345,842,100.0,S100
345,842,80.0,S101
345,842,70.0,S102
345,842,100.0,S103
345,842,70.0,S104
345,842,100.0,S109
345,842,100.0,S110
345,842,100.0,S112
345,842,90.0,S114
345,842,60.0,S115
345,842,100.0,S117
345,842,80.0,S118
345,842,100.0,S121
345,842,100.0,S123
345,842,90.0,S127
345,842,50.0,S128
345,842,80.0,S129
345,842,50.0,S132
345,842,40.0,S137
345,842,70.0,S139
345,842,50.0,S142
345,842,100.0,S143
345,842,60.0,S144
345,842,80.0,S148
345,842,100.0,S149
345,842,80.0,S150
345,842,100.0,S152
345,842,80.0,S153
345,842,30.0,S154
345,842,20.0,S156
345,842,40.0,S159
345,842,70.0,S160
345,842,90.0,S161
345,842,80.0,S163
345,842,20.0,S165
345,842,90.0,S166
345,842,90.0,S168
345,842,80.0,S169
345,842,30.0,S170
345,842,100.0,S171
345,842,100.0,S172
345,842,80.0,S174
345,842,80.0,S175
345,842,60.0,S177
345,842,70.0,S179
345,842,20.0,S181
345,842,100.0,S182
345,842,50.0,S185
345,844,75.0,S001
345,844,50.0,S006
345,844,50.0,S008
345,844,50.0,S009
345,844,100.0,S010
345,844,50.0,S014
345,844,50.0,S015
345,844,100.0,S016
345,844,0.0,S021
345,844,100.0,S022
345,844,50.0,S025
345,844,75.0,S026
345,844,75.0,S027
345,844,100.0,S028
345,844,75.0,S033
345,844,25.0,S034
345,844,75.0,S035
345,844,25.0,S036
345,844,75.0,S037
345,844,75.0,S041
345,844,100.0,S044
345,844,100.0,S049
345,844,75.0,S050
345,844,75.0,S051
345,844,50.0,S054
345,844,75.0,S055
345,844,50.0,S057
345,844,50.0,S058
345,844,25.0,S060
345,844,50.0,S064
345,844,75.0,S065
345,844,75.0,S067
345,844,75.0,S068
345,844,50.0,S073
345,844,100.0,S074
345,844,100.0,S078
345,844,100.0,S079
345,844,50.0,S080
345,844,50.0,S081
345,844,0.0,S086
345,844,25.0,S088
345,844,100.0,S089
345,844,75.0,S092
345,844,75.0,S096
345,844,50.0,S097
345,844,50.0,S099
345,844,25.0,S100
345,844,25.0,S101
345,844,50.0,S102
345,844,75.0,S103
345,844,0.0,S104
345,844,75.0,S109
345,844,100.0,S110
345,844,75.0,S112
345,844,25.0,S114
345,844,50.0,S115
345,844,25.0,S118
345,844,75.0,S121
345,844,75.0,S123
345,844,50.0,S127
345,844,50.0,S128
345,844,50.0,S129
345,844,75.0,S132
345,844,75.0,S136
345,844,25.0,S139
345,844,50.0,S142
345,844,75.0,S143
345,844,50.0,S144
345,844,50.0,S148
345,844,50.0,S149
345,844,25.0,S150
345,844,25.0,S152
345,844,50.0,S153
345,844,50.0,S154
345,844,50.0,S156
345,844,75.0,S159
345,844,50.0,S160
345,844,50.0,S161
345,844,50.0,S163
345,844,100.0,S165
345,844,75.0,S166
345,844,100.0,S168
345,844,50.0,S169
345,844,50.0,S172
345,844,75.0,S173
345,844,100.0,S174
345,844,50.0,S175
345,844,75.0,S177
345,844,50.0,S179
345,844,100.0,S180
345,844,50.0,S181
345,844,50.0,S182
345,844,50.0,S185
345,847,53.3,S001
345,847,86.7,S006
345,847,66.7,S009
345,847,66.7,S010
345,847,86.7,S013
345,847,60.0,S019
345,847,73.3,S021
345,847,93.3,S022
345,847,100.0,S024
345,847,100.0,S025
345,847,60.0,S026
345,847,73.3,S027
345,847,80.0,S028
345,847,73.3,S031
345,847,93.3,S033
345,847,66.7,S034
345,847,60.0,S035
345,847,53.3,S036
345,847,60.0,S037
345,847,33.3,S041
345,847,80.0,S045
345,847,100.0,S049
345,847,100.0,S050
345,847,86.7,S051
345,847,20.0,S055
345,847,80.0,S057
345,847,93.3,S058
345,847,80.0,S060
345,847,66.7,S065
345,847,80.0,S067
345,847,33.3,S068
345,847,100.0,S073
345,847,93.3,S074
345,847,100.0,S076
345,847,46.7,S080
345,847,73.3,S086
345,847,66.7,S088
345,847,93.3,S089
345,847,66.7,S092
345,847,33.3,S097
345,847,86.7,S099
345,847,93.3,S100
345,847,73.3,S101
345,847,26.7,S102
345,847,73.3,S103
345,847,93.3,S108
345,847,80.0,S110
345,847,73.3,S112
345,847,86.7,S114
345,847,66.7,S115
345,847,66.7,S118
345,847,53.3,S121
345,847,93.3,S123
345,847,73.3,S127
345,847,53.3,S128
345,847,20.0,S137
345,847,53.3,S142
345,847,73.3,S144
345,847,93.3,S148
345,847,100.0,S149
345,847,53.3,S150
345,847,53.3,S153
345,847,60.0,S154
345,847,53.3,S156
345,847,93.3,S159
345,847,73.3,S160
345,847,66.7,S163
345,847,93.3,S165
345,847,66.7,S166
345,847,66.7,S170
345,847,100.0,S172
345,847,6.7,S173
345,847,53.3,S181
345,847,33.3,S185
345,854,,S001
345,854,,S003
345,854,,S005
345,854,,S006
345,854,,S008
345,854,,S009
345,854,,S010
345,854,,S012
345,854,,S013
345,854,,S014
345,854,,S015
345,854,,S016
345,854,,S019
345,854,,S021
345,854,,S022
345,854,,S024
345,854,,S025
345,854,,S026
345,854,,S027
345,854,,S028
345,854,,S031
345,854,,S033
345,854,,S034
345,854,,S035
345,854,,S036
345,854,,S037
345,854,,S040
345,854,,S041
345,854,,S044
345,854,,S045
345,854,,S049
345,854,,S050
345,854,,S051
345,854,,S054
345,854,,S055
345,854,,S057
345,854,,S058
345,854,,S060
345,854,,S062
345,854,,S064
345,854,,S065
345,854,,S067
345,854,,S068
345,854,,S072
345,854,,S073
345,854,,S074
345,854,,S076
345,854,,S078
345,854,,S079
345,854,,S080
345,854,,S081
345,854,,S082
345,854,,S083
345,854,,S085
345,854,,S086
345,854,,S088
345,854,,S089
345,854,,S092
345,854,,S096
345,854,,S097
345,854,,S099
345,854,,S100
345,854,,S101
345,854,,S102
345,854,,S103
345,854,,S104
345,854,,S108
345,854,,S109
345,854,,S110
345,854,,S112
345,854,,S114
345,854,,S115
345,854,,S117
345,854,,S118
345,854,,S121
345,854,,S123
345,854,,S124
345,854,,S127
345,854,,S128
345,854,,S129
345,854,,S132
345,854,,S134
345,854,,S136
345,854,,S137
345,854,,S139
345,854,,S142
345,854,,S143
345,854,,S144
345,854,,S148
345,854,,S149
345,854,,S150
345,854,,S152
345,854,,S153
345,854,,S154
345,854,,S156
345,854,,S158
345,854,,S159
345,854,,S160
345,854,,S161
345,854,,S162
345,854,,S163
345,854,,S165
345,854,,S166
345,854,,S168
345,854,,S169
345,854,,S170
345,854,,S171
345,854,,S172
345,854,,S173
345,854,,S174
345,854,,S175
345,854,,S176
345,854,,S177
345,854,,S179
345,854,,S180
345,854,,S181
345,854,,S182
345,854,,S185
345,867,100.0,S001
345,867,40.0,S003
345,867,60.0,S005
345,867,80.0,S006
345,867,80.0,S008
345,867,40.0,S009
345,867,60.0,S010
345,867,80.0,S012
345,867,100.0,S013
345,867,80.0,S014
345,867,40.0,S019
345,867,100.0,S021
345,867,80.0,S022
345,867,80.0,S024
345,867,80.0,S025
345,867,80.0,S026
345,867,60.0,S027
345,867,80.0,S031
345,867,60.0,S034
345,867,80.0,S035
345,867,80.0,S036
345,867,80.0,S037
345,867,40.0,S041
345,867,100.0,S044
345,867,80.0,S045
345,867,80.0,S049
345,867,80.0,S050
345,867,80.0,S051
345,867,80.0,S054
345,867,60.0,S055
345,867,40.0,S057
345,867,80.0,S058
345,867,80.0,S060
345,867,20.0,S064
345,867,80.0,S065
345,867,80.0,S067
345,867,60.0,S068
345,867,80.0,S072
345,867,80.0,S073
345,867,80.0,S074
345,867,60.0,S078
345,867,20.0,S080
345,867,80.0,S081
345,867,80.0,S082
345,867,60.0,S086
345,867,100.0,S088
345,867,80.0,S092
345,867,20.0,S097
345,867,80.0,S099
345,867,80.0,S101
345,867,40.0,S102
345,867,100.0,S103
345,867,100.0,S104
345,867,60.0,S108
345,867,100.0,S109
345,867,40.0,S110
345,867,60.0,S114
345,867,80.0,S115
345,867,100.0,S117
345,867,40.0,S121
345,867,60.0,S123
345,867,80.0,S127
345,867,40.0,S128
345,867,80.0,S129
345,867,80.0,S132
345,867,80.0,S134
345,867,60.0,S136
345,867,20.0,S137
345,867,80.0,S139
345,867,40.0,S142
345,867,80.0,S143
345,867,100.0,S144
345,867,60.0,S148
345,867,60.0,S149
345,867,40.0,S150
345,867,100.0,S152
345,867,20.0,S153
345,867,40.0,S154
345,867,20.0,S156
345,867,80.0,S159
345,867,60.0,S160
345,867,80.0,S163
345,867,60.0,S165
345,867,60.0,S166
345,867,100.0,S168
345,867,100.0,S169
345,867,60.0,S170
345,867,100.0,S171
345,867,80.0,S172
345,867,40.0,S174
345,867,80.0,S175
345,867,20.0,S179
345,867,100.0,S180
345,867,80.0,S181
345,867,80.0,S182
345,867,80.0,S185
345,868,68.0,S001
345,868,88.0,S003
345,868,96.0,S005
345,868,96.0,S006
345,868,60.0,S008
345,868,80.0,S009
345,868,88.0,S010
345,868,68.0,S013
345,868,96.0,S014
345,868,16.0,S015
345,868,92.0,S016
345,868,36.0,S019
345,868,92.0,S021
345,868,96.0,S022
345,868,92.0,S024
345,868,96.0,S025
345,868,68.0,S026
345,868,76.0,S027
345,868,92.0,S028
345,868,68.0,S031
345,868,92.0,S033
345,868,68.0,S034
345,868,96.0,S035
345,868,84.0,S037
345,868,72.0,S041
345,868,44.0,S045
345,868,84.0,S049
345,868,100.0,S050
345,868,92.0,S051
345,868,84.0,S054
345,868,20.0,S055
345,868,80.0,S057
345,868,96.0,S058
345,868,92.0,S060
345,868,88.0,S064
345,868,64.0,S065
345,868,88.0,S067
345,868,56.0,S068
345,868,92.0,S072
345,868,64.0,S073
345,868,96.0,S074
345,868,100.0,S076
345,868,68.0,S078
345,868,60.0,S080
345,868,68.0,S081
345,868,96.0,S082
345,868,84.0,S086
345,868,52.0,S088
345,868,0.0,S089
345,868,36.0,S092
345,868,84.0,S096
345,868,80.0,S097
345,868,76.0,S099
345,868,72.0,S101
345,868,64.0,S102
345,868,88.0,S103
345,868,56.0,S104
345,868,88.0,S108
345,868,76.0,S112
345,868,92.0,S114
345,868,28.0,S115
345,868,88.0,S117
345,868,84.0,S118
345,868,84.0,S121
345,868,84.0,S123
345,868,84.0,S124
345,868,92.0,S127
345,868,80.0,S128
345,868,76.0,S129
345,868,80.0,S132
345,868,72.0,S136
345,868,92.0,S139
345,868,64.0,S142
345,868,96.0,S143
345,868,80.0,S144
345,868,88.0,S148
345,868,100.0,S149
345,868,28.0,S150
345,868,32.0,S152
345,868,72.0,S153
345,868,36.0,S154
345,868,64.0,S156
345,868,80.0,S159
345,868,92.0,S160
345,868,64.0,S163
345,868,76.0,S165
345,868,84.0,S166
345,868,96.0,S168
345,868,88.0,S169
345,868,60.0,S170
345,868,92.0,S172
345,868,100.0,S173
345,868,96.0,S174
345,868,88.0,S175
345,868,48.0,S177
345,868,100.0,S179
345,868,88.0,S181
345,868,96.0,S182
345,868,88.0,S185
345,869,60.0,S001
345,869,60.0,S003
345,869,80.0,S005
345,869,80.0,S006
345,869,20.0,S008
345,869,53.3,S009
345,869,86.7,S010
345,869,46.7,S013
345,869,80.0,S014
345,869,13.3,S015
345,869,46.7,S019
345,869,66.7,S021
345,869,73.3,S022
345,869,86.7,S024
345,869,53.3,S025
345,869,46.7,S026
345,869,53.3,S027
345,869,73.3,S028
345,869,46.7,S031
345,869,53.3,S033
345,869,53.3,S035
345,869,80.0,S037
345,869,46.7,S041
345,869,40.0,S045
345,869,53.3,S049
345,869,80.0,S050
345,869,60.0,S051
345,869,46.7,S054
345,869,26.7,S055
345,869,33.3,S057
345,869,80.0,S058
345,869,80.0,S060
345,869,73.3,S064
345,869,53.3,S065
345,869,73.3,S067
345,869,33.3,S068
345,869,66.7,S072
345,869,66.7,S073
345,869,80.0,S074
345,869,86.7,S076
345,869,66.7,S078
345,869,40.0,S080
345,869,60.0,S081
345,869,80.0,S082
345,869,53.3,S086
345,869,53.3,S088
345,869,0.0,S089
345,869,33.3,S092
345,869,86.7,S096
345,869,73.3,S097
345,869,46.7,S099
345,869,20.0,S101
345,869,53.3,S102
345,869,66.7,S103
345,869,46.7,S104
345,869,73.3,S108
345,869,46.7,S112
345,869,53.3,S114
345,869,60.0,S117
345,869,86.7,S118
345,869,60.0,S121
345,869,53.3,S123
345,869,60.0,S124
345,869,60.0,S127
345,869,66.7,S128
345,869,46.7,S129
345,869,46.7,S132
345,869,26.7,S136
345,869,33.3,S137
345,869,40.0,S139
345,869,13.3,S142
345,869,73.3,S143
345,869,53.3,S144
345,869,66.7,S148
345,869,80.0,S149
345,869,40.0,S150
345,869,13.3,S152
345,869,46.7,S153
345,869,20.0,S154
345,869,53.3,S156
345,869,53.3,S159
345,869,60.0,S160
345,869,46.7,S163
345,869,40.0,S165
345,869,46.7,S166
345,869,33.3,S168
345,869,60.0,S169
345,869,33.3,S170
345,869,80.0,S172
345,869,93.3,S173
345,869,73.3,S174
345,869,60.0,S175
345,869,33.3,S177
345,869,53.3,S179
345,869,80.0,S181
345,869,80.0,S182
345,869,73.3,S185
345,870,64.3,S001
345,870,85.7,S003
345,870,92.9,S005
345,870,92.9,S006
345,870,71.4,S009
345,870,71.4,S010
345,870,92.9,S013
345,870,92.9,S014
345,870,28.6,S015
345,870,35.7,S019
345,870,100.0,S021
345,870,92.9,S022
345,870,100.0,S024
345,870,92.9,S025
345,870,100.0,S026
345,870,57.1,S027
345,870,92.9,S028
345,870,35.7,S031
345,870,85.7,S033
345,870,85.7,S034
345,870,92.9,S035
345,870,71.4,S037
345,870,28.6,S041
345,870,85.7,S045
345,870,85.7,S049
345,870,78.6,S050
345,870,100.0,S051
345,870,71.4,S054
345,870,28.6,S055
345,870,57.1,S057
345,870,100.0,S058
345,870,85.7,S060
345,870,92.9,S064
345,870,78.6,S065
345,870,92.9,S067
345,870,21.4,S068
345,870,92.9,S072
345,870,78.6,S073
345,870,78.6,S074
345,870,92.9,S076
345,870,92.9,S078
345,870,28.6,S080
345,870,78.6,S081
345,870,92.9,S082
345,870,50.0,S086
345,870,28.6,S088
345,870,0.0,S089
345,870,57.1,S092
345,870,92.9,S096
345,870,92.9,S097
345,870,50.0,S099
345,870,14.3,S101
345,870,57.1,S102
345,870,85.7,S103
345,870,57.1,S104
345,870,100.0,S108
345,870,100.0,S112
345,870,64.3,S114
345,870,92.9,S117
345,870,92.9,S118
345,870,85.7,S121
345,870,92.9,S123
345,870,85.7,S124
345,870,57.1,S127
345,870,42.9,S128
345,870,78.6,S129
345,870,64.3,S132
345,870,71.4,S136
345,870,28.6,S137
345,870,42.9,S139
345,870,42.9,S142
345,870,92.9,S143
345,870,85.7,S144
345,870,78.6,S148
345,870,92.9,S149
345,870,21.4,S150
345,870,14.3,S152
345,870,92.9,S153
345,870,28.6,S154
345,870,28.6,S156
345,870,92.9,S159
345,870,78.6,S160
345,870,64.3,S163
345,870,78.6,S165
345,870,57.1,S166
345,870,100.0,S168
345,870,85.7,S169
345,870,50.0,S170
345,870,92.9,S172
345,870,92.9,S174
345,870,78.6,S175
345,870,50.0,S177
345,870,78.6,S179
345,870,92.9,S181
345,870,92.9,S182
345,870,78.6,S185
345,871,80.0,S001
345,871,73.3,S003
345,871,93.3,S005
345,871,100.0,S006
345,871,66.7,S009
345,871,86.7,S010
345,871,100.0,S012
345,871,86.7,S013
345,871,93.3,S014
345,871,20.0,S015
345,871,60.0,S019
345,871,86.7,S021
345,871,93.3,S024
345,871,100.0,S025
345,871,46.7,S026
345,871,73.3,S027
345,871,100.0,S028
345,871,60.0,S031
345,871,93.3,S033
345,871,66.7,S034
345,871,100.0,S035
345,871,93.3,S037
345,871,46.7,S041
345,871,73.3,S045
345,871,100.0,S049
345,871,93.3,S051
345,871,53.3,S054
345,871,33.3,S055
345,871,73.3,S057
345,871,100.0,S058
345,871,73.3,S060
345,871,100.0,S064
345,871,66.7,S065
345,871,86.7,S067
345,871,73.3,S068
345,871,100.0,S072
345,871,80.0,S073
345,871,100.0,S074
345,871,100.0,S076
345,871,100.0,S078
345,871,53.3,S080
345,871,86.7,S081
345,871,100.0,S082
345,871,40.0,S086
345,871,86.7,S088
345,871,93.3,S089
345,871,73.3,S092
345,871,86.7,S096
345,871,93.3,S097
345,871,80.0,S099
345,871,100.0,S100
345,871,46.7,S101
345,871,100.0,S102
345,871,100.0,S103
345,871,73.3,S104
345,871,100.0,S108
345,871,86.7,S112
345,871,100.0,S114
345,871,93.3,S117
345,871,93.3,S118
345,871,93.3,S121
345,871,93.3,S123
345,871,6.7,S124
345,871,73.3,S127
345,871,73.3,S128
345,871,73.3,S129
345,871,66.7,S132
345,871,80.0,S136
345,871,26.7,S137
345,871,66.7,S139
345,871,40.0,S142
345,871,100.0,S143
345,871,86.7,S144
345,871,100.0,S148
345,871,100.0,S149
345,871,33.3,S150
345,871,53.3,S152
345,871,93.3,S153
345,871,26.7,S154
345,871,40.0,S156
345,871,86.7,S159
345,871,86.7,S160
345,871,86.7,S163
345,871,73.3,S165
345,871,66.7,S166
345,871,100.0,S168
345,871,86.7,S169
345,871,60.0,S170
345,871,93.3,S172
345,871,86.7,S174
345,871,80.0,S175
345,871,60.0,S177
345,871,93.3,S179
345,871,100.0,S181
345,871,100.0,S182
345,871,86.7,S185
345,872,28.0,S001
345,872,84.0,S003
345,872,84.0,S006
345,872,76.0,S008
345,872,76.0,S009
345,872,72.0,S010
345,872,72.0,S013
345,872,96.0,S014
345,872,28.0,S015
345,872,48.0,S019
345,872,88.0,S021
345,872,80.0,S022
345,872,92.0,S024
345,872,92.0,S025
345,872,80.0,S026
345,872,80.0,S027
345,872,84.0,S028
345,872,64.0,S031
345,872,60.0,S033
345,872,92.0,S034
345,872,84.0,S035
345,872,44.0,S041
345,872,80.0,S045
345,872,84.0,S049
345,872,84.0,S050
345,872,84.0,S051
345,872,80.0,S054
345,872,24.0,S055
345,872,68.0,S057
345,872,96.0,S058
345,872,76.0,S060
345,872,88.0,S064
345,872,68.0,S065
345,872,84.0,S067
345,872,36.0,S068
345,872,92.0,S072
345,872,20.0,S073
345,872,80.0,S074
345,872,92.0,S076
345,872,80.0,S078
345,872,60.0,S080
345,872,80.0,S081
345,872,72.0,S082
345,872,48.0,S085
345,872,40.0,S086
345,872,68.0,S088
345,872,88.0,S089
345,872,36.0,S092
345,872,88.0,S096
345,872,88.0,S097
345,872,84.0,S099
345,872,92.0,S100
345,872,80.0,S101
345,872,84.0,S102
345,872,88.0,S103
345,872,96.0,S108
345,872,80.0,S109
345,872,60.0,S110
345,872,72.0,S112
345,872,84.0,S114
345,872,52.0,S115
345,872,76.0,S117
345,872,92.0,S118
345,872,92.0,S121
345,872,68.0,S123
345,872,24.0,S124
345,872,48.0,S127
345,872,92.0,S128
345,872,52.0,S129
345,872,68.0,S132
345,872,84.0,S136
345,872,12.0,S137
345,872,64.0,S139
345,872,52.0,S142
345,872,96.0,S143
345,872,84.0,S144
345,872,64.0,S148
345,872,100.0,S149
345,872,60.0,S150
345,872,72.0,S153
345,872,44.0,S156
345,872,52.0,S159
345,872,88.0,S160
345,872,64.0,S163
345,872,56.0,S165
345,872,72.0,S166
345,872,20.0,S169
345,872,60.0,S170
345,872,92.0,S171
345,872,76.0,S172
345,872,96.0,S174
345,872,72.0,S175
345,872,76.0,S177
345,872,80.0,S179
345,872,88.0,S181
345,872,92.0,S182
345,872,76.0,S185
345,873,72.7,S001
345,873,63.6,S003
345,873,90.9,S006
345,873,54.5,S008
345,873,63.6,S009
345,873,72.7,S013
345,873,81.8,S014
345,873,9.1,S015
345,873,72.7,S019
345,873,90.9,S021
345,873,72.7,S022
345,873,72.7,S024
345,873,72.7,S025
345,873,72.7,S026
345,873,54.5,S027
345,873,81.8,S028
345,873,54.5,S031
345,873,54.5,S033
345,873,63.6,S034
345,873,72.7,S035
345,873,63.6,S041
345,873,63.6,S045
345,873,81.8,S049
345,873,63.6,S050
345,873,54.5,S051
345,873,72.7,S054
345,873,27.3,S055
345,873,45.5,S057
345,873,72.7,S058
345,873,90.9,S060
345,873,18.2,S064
345,873,36.4,S065
345,873,81.8,S067
345,873,45.5,S068
345,873,63.6,S072
345,873,72.7,S073
345,873,90.9,S074
345,873,81.8,S076
345,873,63.6,S078
345,873,54.5,S080
345,873,81.8,S081
345,873,72.7,S082
345,873,72.7,S085
345,873,45.5,S086
345,873,81.8,S088
345,873,63.6,S089
345,873,45.5,S092
345,873,81.8,S096
345,873,54.5,S099
345,873,81.8,S100
345,873,72.7,S101
345,873,27.3,S102
345,873,81.8,S103
345,873,72.7,S108
345,873,72.7,S109
345,873,72.7,S110
345,873,72.7,S112
345,873,54.5,S114
345,873,27.3,S115
345,873,81.8,S117
345,873,72.7,S118
345,873,81.8,S121
345,873,81.8,S123
345,873,72.7,S124
345,873,81.8,S127
345,873,27.3,S128
345,873,54.5,S129
345,873,72.7,S132
345,873,72.7,S136
345,873,27.3,S137
345,873,72.7,S139
345,873,72.7,S142
345,873,54.5,S143
345,873,72.7,S144
345,873,36.4,S148
345,873,63.6,S149
345,873,63.6,S150
345,873,63.6,S153
345,873,36.4,S156
345,873,81.8,S159
345,873,36.4,S160
345,873,63.6,S163
345,873,81.8,S165
345,873,90.9,S166
345,873,27.3,S169
345,873,54.5,S170
345,873,72.7,S171
345,873,81.8,S172
345,873,90.9,S174
345,873,72.7,S175
345,873,63.6,S177
345,873,54.5,S179
345,873,45.5,S181
345,873,54.5,S182
345,873,72.7,S185
345,875,66.7,S001
345,875,60.0,S003
345,875,93.3,S006
345,875,86.7,S008
345,875,80.0,S009
345,875,86.7,S010
345,875,80.0,S013
345,875,80.0,S014
345,875,40.0,S019
345,875,86.7,S021
345,875,100.0,S022
345,875,86.7,S024
345,875,86.7,S025
345,875,73.3,S026
345,875,60.0,S027
345,875,73.3,S028
345,875,26.7,S031
345,875,53.3,S033
345,875,53.3,S034
345,875,53.3,S036
345,875,73.3,S037
345,875,46.7,S041
345,875,66.7,S045
345,875,80.0,S049
345,875,100.0,S051
345,875,66.7,S054
345,875,20.0,S055
345,875,73.3,S057
345,875,100.0,S058
345,875,66.7,S060
345,875,33.3,S064
345,875,80.0,S065
345,875,86.7,S067
345,875,40.0,S068
345,875,100.0,S072
345,875,73.3,S073
345,875,93.3,S074
345,875,100.0,S076
345,875,80.0,S078
345,875,86.7,S079
345,875,40.0,S080
345,875,73.3,S081
345,875,93.3,S082
345,875,53.3,S086
345,875,40.0,S088
345,875,33.3,S092
345,875,93.3,S096
345,875,86.7,S097
345,875,86.7,S099
345,875,86.7,S100
345,875,33.3,S101
345,875,73.3,S102
345,875,86.7,S103
345,875,20.0,S104
345,875,86.7,S108
345,875,73.3,S110
345,875,73.3,S112
345,875,73.3,S114
345,875,53.3,S115
345,875,93.3,S117
345,875,73.3,S118
345,875,60.0,S121
345,875,93.3,S123
345,875,46.7,S124
345,875,73.3,S127
345,875,60.0,S128
345,875,80.0,S129
345,875,73.3,S134
345,875,20.0,S137
345,875,46.7,S139
345,875,26.7,S142
345,875,86.7,S143
345,875,100.0,S144
345,875,73.3,S148
345,875,100.0,S149
345,875,53.3,S150
345,875,20.0,S152
345,875,80.0,S153
345,875,40.0,S154
345,875,46.7,S156
345,875,93.3,S160
345,875,66.7,S161
345,875,86.7,S163
345,875,80.0,S165
345,875,46.7,S166
345,875,100.0,S168
345,875,20.0,S169
345,875,33.3,S170
345,875,80.0,S171
345,875,100.0,S172
345,875,53.3,S174
345,875,86.7,S175
345,875,66.7,S177
345,875,100.0,S179
345,875,93.3,S181
345,875,93.3,S182
345,875,26.7,S185
345,876,53.8,S001
345,876,92.3,S003
345,876,92.3,S006
345,876,38.5,S008
345,876,46.2,S010
345,876,92.3,S013
345,876,100.0,S014
345,876,69.2,S019
345,876,84.6,S022
345,876,69.2,S024
345,876,92.3,S025
345,876,61.5,S027
345,876,53.8,S031
345,876,46.2,S033
345,876,69.2,S034
345,876,76.9,S036
345,876,69.2,S037
345,876,30.8,S041
345,876,46.2,S045
345,876,84.6,S049
345,876,84.6,S051
345,876,53.8,S054
345,876,23.1,S055
345,876,61.5,S057
345,876,84.6,S058
345,876,84.6,S060
345,876,30.8,S064
345,876,69.2,S065
345,876,53.8,S067
345,876,53.8,S068
345,876,84.6,S072
345,876,69.2,S073
345,876,84.6,S074
345,876,92.3,S076
345,876,84.6,S078
345,876,69.2,S079
345,876,38.5,S080
345,876,69.2,S081
345,876,61.5,S082
345,876,30.8,S088
345,876,0.0,S089
345,876,38.5,S092
345,876,84.6,S096
345,876,69.2,S097
345,876,76.9,S099
345,876,100.0,S100
345,876,46.2,S101
345,876,61.5,S102
345,876,61.5,S103
345,876,46.2,S104
345,876,92.3,S108
345,876,61.5,S110
345,876,69.2,S112
345,876,61.5,S114
345,876,76.9,S115
345,876,92.3,S117
345,876,84.6,S118
345,876,69.2,S121
345,876,76.9,S123
345,876,53.8,S124
345,876,76.9,S127
345,876,92.3,S128
345,876,84.6,S134
345,876,46.2,S137
345,876,69.2,S139
345,876,53.8,S142
345,876,76.9,S143
345,876,92.3,S144
345,876,23.1,S148
345,876,69.2,S149
345,876,61.5,S150
345,876,53.8,S152
345,876,69.2,S153
345,876,30.8,S154
345,876,30.8,S156
345,876,61.5,S160
345,876,76.9,S161
345,876,53.8,S163
345,876,76.9,S165
345,876,61.5,S166
345,876,92.3,S168
345,876,38.5,S169
345,876,38.5,S170
345,876,69.2,S171
345,876,92.3,S172
345,876,76.9,S173
345,876,61.5,S174
345,876,53.8,S175
345,876,69.2,S177
345,876,84.6,S179
345,876,30.8,S181
345,876,76.9,S182
345,876,30.8,S185
345,877,93.3,S001
345,877,100.0,S003
345,877,93.3,S006
345,877,60.0,S008
345,877,80.0,S010
345,877,100.0,S013
345,877,80.0,S014
345,877,40.0,S019
345,877,93.3,S024
345,877,93.3,S025
345,877,73.3,S026
345,877,66.7,S027
345,877,93.3,S028
345,877,53.3,S031
345,877,40.0,S033
345,877,53.3,S034
345,877,46.7,S036
345,877,73.3,S037
345,877,53.3,S041
345,877,93.3,S049
345,877,100.0,S051
345,877,66.7,S054
345,877,46.7,S055
345,877,80.0,S057
345,877,100.0,S058
345,877,86.7,S060
345,877,66.7,S064
345,877,86.7,S065
345,877,100.0,S067
345,877,40.0,S068
345,877,100.0,S072
345,877,53.3,S073
345,877,100.0,S074
345,877,100.0,S076
345,877,86.7,S078
345,877,80.0,S079
345,877,26.7,S080
345,877,73.3,S081
345,877,100.0,S082
345,877,73.3,S086
345,877,26.7,S088
345,877,73.3,S092
345,877,86.7,S096
345,877,86.7,S097
345,877,80.0,S099
345,877,93.3,S100
345,877,73.3,S101
345,877,73.3,S102
345,877,66.7,S103
345,877,53.3,S104
345,877,93.3,S108
345,877,100.0,S110
345,877,73.3,S112
345,877,93.3,S114
345,877,86.7,S115
345,877,100.0,S117
345,877,100.0,S118
345,877,73.3,S121
345,877,86.7,S123
345,877,53.3,S127
345,877,46.7,S128
345,877,53.3,S129
345,877,93.3,S134
345,877,33.3,S137
345,877,66.7,S139
345,877,60.0,S142
345,877,100.0,S143
345,877,93.3,S144
345,877,86.7,S148
345,877,86.7,S149
345,877,66.7,S150
345,877,73.3,S152
345,877,73.3,S153
345,877,40.0,S154
345,877,46.7,S156
345,877,80.0,S160
345,877,93.3,S163
345,877,80.0,S165
345,877,73.3,S166
345,877,93.3,S168
345,877,60.0,S169
345,877,60.0,S170
345,877,93.3,S171
345,877,86.7,S172
345,877,100.0,S174
345,877,86.7,S175
345,877,60.0,S177
345,877,100.0,S179
345,877,73.3,S181
345,877,66.7,S185
345,878,83.3,S001
345,878,75.0,S003
345,878,91.7,S006
345,878,50.0,S008
345,878,50.0,S010
345,878,100.0,S013
345,878,58.3,S014
345,878,16.7,S019
345,878,83.3,S022
345,878,83.3,S024
345,878,100.0,S025
345,878,66.7,S026
345,878,58.3,S027
345,878,66.7,S031
345,878,41.7,S033
345,878,75.0,S034
345,878,83.3,S037
345,878,66.7,S041
345,878,83.3,S045
345,878,91.7,S049
345,878,100.0,S051
345,878,50.0,S054
345,878,8.3,S055
345,878,75.0,S057
345,878,91.7,S058
345,878,91.7,S060
345,878,33.3,S064
345,878,58.3,S065
345,878,25.0,S067
345,878,58.3,S068
345,878,83.3,S073
345,878,91.7,S074
345,878,100.0,S076
345,878,83.3,S078
345,878,91.7,S079
345,878,50.0,S080
345,878,50.0,S081
345,878,100.0,S082
345,878,50.0,S086
345,878,75.0,S088
345,878,0.0,S089
345,878,16.7,S092
345,878,83.3,S096
345,878,75.0,S097
345,878,83.3,S099
345,878,100.0,S100
345,878,66.7,S101
345,878,41.7,S102
345,878,50.0,S103
345,878,16.7,S104
345,878,91.7,S108
345,878,66.7,S110
345,878,83.3,S112
345,878,75.0,S114
345,878,91.7,S115
345,878,91.7,S117
345,878,75.0,S118
345,878,91.7,S121
345,878,75.0,S123
345,878,50.0,S124
345,878,91.7,S127
345,878,58.3,S128
345,878,25.0,S129
345,878,91.7,S134
345,878,33.3,S137
345,878,66.7,S139
345,878,91.7,S142
345,878,75.0,S143
345,878,100.0,S144
345,878,50.0,S148
345,878,100.0,S149
345,878,66.7,S150
345,878,100.0,S152
345,878,58.3,S153
345,878,8.3,S154
345,878,41.7,S156
345,878,58.3,S160
345,878,58.3,S163
345,878,50.0,S165
345,878,83.3,S166
345,878,91.7,S168
345,878,41.7,S169
345,878,50.0,S170
345,878,91.7,S171
345,878,91.7,S172
345,878,91.7,S173
345,878,83.3,S174
345,878,75.0,S175
345,878,66.7,S177
345,878,66.7,S181
345,878,58.3,S185
345,879,80.0,S001
345,879,73.3,S003
345,879,93.3,S006
345,879,80.0,S008
345,879,93.3,S009
345,879,86.7,S010
345,879,80.0,S012
345,879,60.0,S013
345,879,86.7,S014
345,879,6.7,S015
345,879,60.0,S019
345,879,86.7,S022
345,879,86.7,S024
345,879,86.7,S025
345,879,80.0,S026
345,879,40.0,S027
345,879,93.3,S028
345,879,73.3,S031
345,879,66.7,S033
345,879,60.0,S034
345,879,60.0,S035
345,879,40.0,S037
345,879,46.7,S041
345,879,80.0,S045
345,879,80.0,S049
345,879,86.7,S050
345,879,80.0,S051
345,879,86.7,S054
345,879,46.7,S055
345,879,73.3,S057
345,879,93.3,S058
345,879,86.7,S060
345,879,93.3,S064
345,879,73.3,S065
345,879,93.3,S067
345,879,33.3,S068
345,879,93.3,S072
345,879,80.0,S074
345,879,93.3,S076
345,879,80.0,S078
345,879,73.3,S079
345,879,73.3,S080
345,879,66.7,S081
345,879,86.7,S082
345,879,53.3,S086
345,879,73.3,S088
345,879,80.0,S089
345,879,53.3,S092
345,879,80.0,S096
345,879,26.7,S097
345,879,93.3,S099
345,879,93.3,S100
345,879,100.0,S101
345,879,86.7,S102
345,879,80.0,S103
345,879,33.3,S104
345,879,86.7,S108
345,879,86.7,S109
345,879,93.3,S110
345,879,86.7,S112
345,879,86.7,S114
345,879,66.7,S115
345,879,73.3,S117
345,879,93.3,S118
345,879,86.7,S121
345,879,86.7,S123
345,879,40.0,S124
345,879,66.7,S127
345,879,86.7,S128
345,879,46.7,S132
345,879,26.7,S137
345,879,86.7,S139
345,879,80.0,S142
345,879,73.3,S143
345,879,93.3,S144
345,879,80.0,S148
345,879,80.0,S149
345,879,53.3,S150
345,879,26.7,S152
345,879,93.3,S153
345,879,26.7,S154
345,879,53.3,S156
345,879,60.0,S159
345,879,86.7,S160
345,879,80.0,S161
345,879,60.0,S163
345,879,60.0,S165
345,879,66.7,S166
345,879,86.7,S168
345,879,33.3,S169
345,879,93.3,S170
345,879,93.3,S171
345,879,86.7,S172
345,879,86.7,S173
345,879,86.7,S174
345,879,66.7,S175
345,879,53.3,S177
345,879,73.3,S179
345,879,86.7,S181
345,879,86.7,S182
345,879,40.0,S185
345,880,80.0,S001
345,880,100.0,S003
345,880,100.0,S006
345,880,90.0,S008
345,880,70.0,S009
345,880,80.0,S010
345,880,70.0,S012
345,880,80.0,S013
345,880,90.0,S014
345,880,10.0,S015
345,880,100.0,S022
345,880,100.0,S024
345,880,100.0,S025
345,880,50.0,S026
345,880,60.0,S027
345,880,90.0,S028
345,880,80.0,S031
345,880,60.0,S033
345,880,70.0,S034
345,880,70.0,S035
345,880,50.0,S036
345,880,60.0,S037
345,880,50.0,S041
345,880,90.0,S045
345,880,100.0,S049
345,880,70.0,S050
345,880,60.0,S051
345,880,70.0,S054
345,880,30.0,S055
345,880,80.0,S057
345,880,100.0,S058
345,880,100.0,S060
345,880,40.0,S064
345,880,90.0,S065
345,880,80.0,S067
345,880,80.0,S068
345,880,100.0,S072
345,880,90.0,S074
345,880,100.0,S076
345,880,100.0,S078
345,880,100.0,S079
345,880,40.0,S080
345,880,70.0,S081
345,880,100.0,S082
345,880,40.0,S086
345,880,20.0,S088
345,880,100.0,S089
345,880,50.0,S092
345,880,100.0,S096
345,880,60.0,S097
345,880,80.0,S099
345,880,100.0,S100
345,880,80.0,S101
345,880,60.0,S102
345,880,60.0,S103
345,880,10.0,S104
345,880,100.0,S108
345,880,100.0,S109
345,880,60.0,S110
345,880,90.0,S112
345,880,60.0,S114
345,880,60.0,S115
345,880,100.0,S117
345,880,60.0,S118
345,880,100.0,S123
345,880,20.0,S124
345,880,80.0,S127
345,880,50.0,S128
345,880,60.0,S132
345,880,80.0,S137
345,880,100.0,S139
345,880,60.0,S142
345,880,100.0,S143
345,880,100.0,S144
345,880,90.0,S148
345,880,80.0,S149
345,880,50.0,S150
345,880,50.0,S152
345,880,80.0,S153
345,880,80.0,S154
345,880,40.0,S156
345,880,60.0,S159
345,880,40.0,S160
345,880,100.0,S163
345,880,70.0,S165
345,880,80.0,S166
345,880,90.0,S168
345,880,20.0,S169
345,880,80.0,S170
345,880,90.0,S171
345,880,100.0,S172
345,880,90.0,S174
345,880,70.0,S175
345,880,60.0,S177
345,880,80.0,S179
345,880,50.0,S181
345,880,80.0,S182
345,880,20.0,S185
345,882,80.0,S001
345,882,86.7,S006
345,882,60.0,S008
345,882,73.3,S009
345,882,73.3,S010
345,882,80.0,S013
345,882,93.3,S014
345,882,60.0,S019
345,882,33.3,S021
345,882,60.0,S022
345,882,86.7,S024
345,882,93.3,S025
345,882,73.3,S026
345,882,66.7,S027
345,882,86.7,S028
345,882,66.7,S031
345,882,66.7,S033
345,882,93.3,S034
345,882,93.3,S035
345,882,86.7,S036
345,882,73.3,S037
345,882,26.7,S041
345,882,93.3,S045
345,882,93.3,S049
345,882,93.3,S050
345,882,86.7,S051
345,882,86.7,S054
345,882,73.3,S055
345,882,86.7,S057
345,882,100.0,S058
345,882,73.3,S060
345,882,60.0,S064
345,882,80.0,S065
345,882,86.7,S067
345,882,20.0,S068
345,882,73.3,S072
345,882,53.3,S074
345,882,100.0,S076
345,882,86.7,S078
345,882,86.7,S079
345,882,86.7,S080
345,882,86.7,S081
345,882,73.3,S086
345,882,66.7,S088
345,882,86.7,S089
345,882,80.0,S092
345,882,93.3,S096
345,882,66.7,S097
345,882,100.0,S099
345,882,100.0,S100
345,882,80.0,S101
345,882,80.0,S102
345,882,86.7,S103
345,882,66.7,S108
345,882,86.7,S109
345,882,73.3,S110
345,882,93.3,S112
345,882,86.7,S114
345,882,86.7,S115
345,882,100.0,S118
345,882,73.3,S121
345,882,93.3,S123
345,882,20.0,S124
345,882,73.3,S127
345,882,73.3,S128
345,882,73.3,S129
345,882,60.0,S136
345,882,46.7,S137
345,882,73.3,S139
345,882,53.3,S142
345,882,93.3,S143
345,882,93.3,S144
345,882,93.3,S148
345,882,86.7,S149
345,882,73.3,S150
345,882,86.7,S153
345,882,60.0,S154
345,882,73.3,S156
345,882,40.0,S159
345,882,80.0,S160
345,882,80.0,S161
345,882,80.0,S163
345,882,73.3,S165
345,882,80.0,S166
345,882,53.3,S169
345,882,40.0,S170
345,882,93.3,S172
345,882,66.7,S173
345,882,86.7,S174
345,882,93.3,S175
345,882,93.3,S177
345,882,60.0,S179
345,882,73.3,S181
345,882,86.7,S182
345,882,53.3,S185
345,883,83.3,S001
345,883,66.7,S006
345,883,66.7,S008
345,883,33.3,S009
345,883,66.7,S010
345,883,75.0,S013
345,883,83.3,S014
345,883,16.7,S019
345,883,83.3,S021
345,883,75.0,S022
345,883,100.0,S024
345,883,66.7,S025
345,883,58.3,S026
345,883,66.7,S027
345,883,100.0,S028
345,883,41.7,S031
345,883,41.7,S033
345,883,58.3,S035
345,883,58.3,S036
345,883,25.0,S037
345,883,16.7,S041
345,883,75.0,S045
345,883,83.3,S049
345,883,75.0,S050
345,883,66.7,S051
345,883,58.3,S054
345,883,66.7,S057
345,883,75.0,S058
345,883,91.7,S060
345,883,16.7,S064
345,883,66.7,S065
345,883,25.0,S067
345,883,41.7,S068
345,883,50.0,S072
345,883,75.0,S074
345,883,100.0,S076
345,883,66.7,S078
345,883,50.0,S080
345,883,75.0,S081
345,883,66.7,S086
345,883,25.0,S088
345,883,58.3,S092
345,883,50.0,S097
345,883,33.3,S099
345,883,75.0,S100
345,883,66.7,S101
345,883,41.7,S102
345,883,50.0,S103
345,883,83.3,S108
345,883,66.7,S109
345,883,50.0,S110
345,883,91.7,S112
345,883,50.0,S114
345,883,83.3,S115
345,883,75.0,S118
345,883,91.7,S121
345,883,66.7,S123
345,883,75.0,S127
345,883,50.0,S128
345,883,50.0,S129
345,883,83.3,S136
345,883,16.7,S137
345,883,66.7,S139
345,883,66.7,S142
345,883,75.0,S143
345,883,83.3,S144
345,883,58.3,S148
345,883,58.3,S149
345,883,33.3,S150
345,883,58.3,S153
345,883,16.7,S154
345,883,50.0,S156
345,883,75.0,S159
345,883,50.0,S160
345,883,75.0,S163
345,883,50.0,S165
345,883,100.0,S166
345,883,75.0,S170
345,883,91.7,S172
345,883,83.3,S174
345,883,66.7,S175
345,883,50.0,S177
345,883,50.0,S179
345,883,66.7,S181
345,883,66.7,S182
345,883,83.3,S185
345,884,87.5,S001
345,884,100.0,S006
345,884,56.2,S008
345,884,87.5,S009
345,884,75.0,S010
345,884,68.8,S013
345,884,87.5,S014
345,884,62.5,S019
345,884,81.2,S021
345,884,93.8,S022
345,884,100.0,S024
345,884,100.0,S025
345,884,68.8,S026
345,884,37.5,S027
345,884,75.0,S028
345,884,56.2,S031
345,884,62.5,S033
345,884,62.5,S034
345,884,93.8,S035
345,884,56.2,S036
345,884,62.5,S037
345,884,31.2,S041
345,884,93.8,S045
345,884,81.2,S049
345,884,81.2,S050
345,884,87.5,S051
345,884,87.5,S054
345,884,43.8,S055
345,884,43.8,S057
345,884,87.5,S058
345,884,100.0,S060
345,884,37.5,S064
345,884,43.8,S065
345,884,87.5,S067
345,884,37.5,S068
345,884,100.0,S072
345,884,87.5,S074
345,884,100.0,S076
345,884,93.8,S078
345,884,87.5,S079
345,884,43.8,S080
345,884,100.0,S081
345,884,31.2,S086
345,884,56.2,S088
345,884,62.5,S092
345,884,0.0,S096
345,884,56.2,S097
345,884,93.8,S099
345,884,87.5,S100
345,884,87.5,S101
345,884,62.5,S102
345,884,100.0,S103
345,884,81.2,S108
345,884,81.2,S109
345,884,81.2,S110
345,884,75.0,S112
345,884,81.2,S114
345,884,56.2,S115
345,884,100.0,S118
345,884,87.5,S121
345,884,87.5,S123
345,884,56.2,S127
345,884,62.5,S129
345,884,87.5,S136
345,884,37.5,S137
345,884,75.0,S139
345,884,43.8,S142
345,884,87.5,S143
345,884,100.0,S144
345,884,62.5,S148
345,884,93.8,S149
345,884,37.5,S150
345,884,87.5,S153
345,884,43.8,S154
345,884,43.8,S156
345,884,43.8,S159
345,884,87.5,S160
345,884,68.8,S161
345,884,50.0,S163
345,884,62.5,S165
345,884,56.2,S166
345,884,31.2,S169
345,884,81.2,S170
345,884,87.5,S172
345,884,37.5,S173
345,884,87.5,S174
345,884,81.2,S175
345,884,75.0,S177
345,884,81.2,S179
345,884,75.0,S181
345,884,81.2,S182
345,884,56.2,S185
345,885,40.0,S001
345,885,100.0,S006
345,885,60.0,S008
345,885,70.0,S009
345,885,50.0,S010
345,885,80.0,S013
345,885,100.0,S014
345,885,40.0,S019
345,885,70.0,S021
345,885,90.0,S022
345,885,100.0,S024
345,885,90.0,S025
345,885,60.0,S026
345,885,30.0,S027
345,885,90.0,S028
345,885,30.0,S031
345,885,50.0,S033
345,885,80.0,S035
345,885,70.0,S037
345,885,20.0,S041
345,885,80.0,S045
345,885,70.0,S049
345,885,70.0,S050
345,885,90.0,S051
345,885,40.0,S054
345,885,30.0,S055
345,885,50.0,S057
345,885,100.0,S058
345,885,70.0,S060
345,885,20.0,S064
345,885,70.0,S065
345,885,30.0,S067
345,885,20.0,S068
345,885,100.0,S072
345,885,80.0,S074
345,885,100.0,S076
345,885,80.0,S078
345,885,10.0,S080
345,885,60.0,S081
345,885,50.0,S086
345,885,20.0,S088
345,885,90.0,S092
345,885,60.0,S096
345,885,40.0,S097
345,885,60.0,S099
345,885,80.0,S100
345,885,50.0,S101
345,885,20.0,S102
345,885,50.0,S103
345,885,90.0,S108
345,885,80.0,S109
345,885,70.0,S110
345,885,100.0,S112
345,885,60.0,S114
345,885,30.0,S115
345,885,100.0,S118
345,885,60.0,S121
345,885,70.0,S123
345,885,10.0,S124
345,885,90.0,S127
345,885,30.0,S128
345,885,70.0,S129
345,885,90.0,S136
345,885,30.0,S137
345,885,60.0,S139
345,885,50.0,S142
345,885,50.0,S143
345,885,90.0,S144
345,885,90.0,S148
345,885,90.0,S149
345,885,40.0,S150
345,885,40.0,S153
345,885,40.0,S154
345,885,20.0,S156
345,885,80.0,S159
345,885,0.0,S160
345,885,40.0,S163
345,885,70.0,S165
345,885,70.0,S166
345,885,30.0,S169
345,885,80.0,S170
345,885,90.0,S172
345,885,80.0,S173
345,885,80.0,S174
345,885,70.0,S175
345,885,60.0,S177
345,885,60.0,S179
345,885,50.0,S181
345,885,100.0,S182
345,885,50.0,S185
345,886,87.5,S001
345,886,87.5,S006
345,886,93.8,S009
345,886,75.0,S013
345,886,50.0,S019
345,886,81.2,S021
345,886,75.0,S022
345,886,87.5,S024
345,886,75.0,S025
345,886,75.0,S026
345,886,62.5,S027
345,886,75.0,S028
345,886,37.5,S031
345,886,81.2,S033
345,886,93.8,S034
345,886,75.0,S035
345,886,75.0,S036
345,886,87.5,S037
345,886,31.2,S041
345,886,81.2,S045
345,886,87.5,S049
345,886,87.5,S050
345,886,62.5,S051
345,886,31.2,S055
345,886,93.8,S057
345,886,100.0,S058
345,886,100.0,S060
345,886,56.2,S065
345,886,81.2,S067
345,886,56.2,S068
345,886,87.5,S073
345,886,56.2,S074
345,886,87.5,S076
345,886,68.8,S080
345,886,68.8,S086
345,886,50.0,S088
345,886,93.8,S089
345,886,37.5,S092
345,886,50.0,S097
345,886,87.5,S099
345,886,100.0,S100
345,886,93.8,S101
345,886,37.5,S102
345,886,81.2,S103
345,886,93.8,S108
345,886,93.8,S112
345,886,81.2,S114
345,886,93.8,S115
345,886,75.0,S121
345,886,81.2,S123
345,886,12.5,S124
345,886,87.5,S127
345,886,81.2,S128
345,886,31.2,S137
345,886,87.5,S142
345,886,68.8,S144
345,886,62.5,S148
345,886,68.8,S149
345,886,62.5,S150
345,886,75.0,S153
345,886,31.2,S154
345,886,56.2,S156
345,886,75.0,S159
345,886,81.2,S160
345,886,56.2,S163
345,886,75.0,S165
345,886,100.0,S166
345,886,68.8,S170
345,886,87.5,S172
345,886,31.2,S173
345,886,87.5,S181
345,886,25.0,S185
345,894,,S003
345,894,,S012
345,894,,S022
345,894,,S025
345,894,,S035
345,894,,S044
345,894,,S049
345,894,,S057
345,894,,S060
345,894,,S070
345,894,,S080
345,894,,S082
345,894,,S096
345,894,,S109
345,894,,S110
345,894,,S112
345,894,,S115
345,894,,S117
345,894,,S118
345,894,,S127
345,894,,S134
345,894,,S136
345,894,,S150
345,894,,S152
345,894,,S154
345,894,,S165
345,894,,S181
345,895,,S022
345,895,,S028
345,895,,S112
345,895,,S150
345,895,,S181
345,896,,S001
345,896,,S003
345,896,,S005
345,896,,S006
345,896,,S008
345,896,,S009
345,896,,S010
345,896,,S012
345,896,,S013
345,896,,S014
345,896,,S015
345,896,,S016
345,896,,S019
345,896,,S021
345,896,,S022
345,896,,S024
345,896,,S025
345,896,,S026
345,896,,S027
345,896,,S028
345,896,,S031
345,896,,S033
345,896,,S034
345,896,,S035
345,896,,S036
345,896,,S037
345,896,,S041
345,896,,S045
345,896,,S050
345,896,,S051
345,896,,S054
345,896,,S055
345,896,,S057
345,896,,S058
345,896,,S060
345,896,,S062
345,896,,S064
345,896,,S065
345,896,,S067
345,896,,S068
345,896,,S070
345,896,,S072
345,896,,S073
345,896,,S074
345,896,,S076
345,896,,S078
345,896,,S079
345,896,,S080
345,896,,S081
345,896,,S085
345,896,,S086
345,896,,S088
345,896,,S089
345,896,,S092
345,896,,S096
345,896,,S097
345,896,,S099
345,896,,S100
345,896,,S101
345,896,,S102
345,896,,S103
345,896,,S104
345,896,,S108
345,896,,S109
345,896,,S110
345,896,,S112
345,896,,S114
345,896,,S115
345,896,,S118
345,896,,S121
345,896,,S123
345,896,,S124
345,896,,S127
345,896,,S128
345,896,,S129
345,896,,S132
345,896,,S137
345,896,,S139
345,896,,S142
345,896,,S143
345,896,,S144
345,896,,S148
345,896,,S149
345,896,,S150
345,896,,S153
345,896,,S156
345,896,,S158
345,896,,S159
345,896,,S160
345,896,,S161
345,896,,S162
345,896,,S163
345,896,,S166
345,896,,S168
345,896,,S169
345,896,,S170
345,896,,S171
345,896,,S172
345,896,,S173
345,896,,S174
345,896,,S175
345,896,,S176
345,896,,S177
345,896,,S179
345,896,,S180
345,896,,S182
345,896,,S185
345,975,0.0,S001
345,975,0.0,S003
345,975,0.0,S005
345,975,0.0,S006
345,975,100.0,S008
345,975,0.0,S009
345,975,0.0,S010
345,975,0.0,S012
345,975,0.0,S013
345,975,0.0,S014
345,975,0.0,S015
345,975,0.0,S016
345,975,0.0,S021
345,975,0.0,S022
345,975,0.0,S024
345,975,0.0,S025
345,975,0.0,S026
345,975,0.0,S027
345,975,0.0,S028
345,975,0.0,S031
345,975,0.0,S033
345,975,0.0,S034
345,975,0.0,S035
345,975,0.0,S036
345,975,0.0,S037
345,975,0.0,S040
345,975,0.0,S041
345,975,0.0,S044
345,975,0.0,S045
345,975,0.0,S049
345,975,0.0,S050
345,975,0.0,S051
345,975,0.0,S054
345,975,0.0,S055
345,975,0.0,S057
345,975,0.0,S058
345,975,0.0,S060
345,975,0.0,S062
345,975,0.0,S064
345,975,0.0,S065
345,975,0.0,S067
345,975,0.0,S068
345,975,0.0,S070
345,975,0.0,S072
345,975,0.0,S073
345,975,0.0,S074
345,975,0.0,S076
345,975,0.0,S078
345,975,0.0,S079
345,975,0.0,S080
345,975,0.0,S081
345,975,0.0,S082
345,975,0.0,S083
345,975,0.0,S085
345,975,0.0,S088
345,975,0.0,S089
345,975,0.0,S092
345,975,0.0,S097
345,975,0.0,S099
345,975,0.0,S101
345,975,0.0,S102
345,975,0.0,S103
345,975,100.0,S104
345,975,0.0,S108
345,975,0.0,S109
345,975,0.0,S110
345,975,0.0,S112
345,975,0.0,S114
345,975,0.0,S115
345,975,0.0,S117
345,975,0.0,S118
345,975,0.0,S121
345,975,100.0,S123
345,975,0.0,S124
345,975,0.0,S127
345,975,0.0,S128
345,975,0.0,S129
345,975,0.0,S132
345,975,0.0,S134
345,975,0.0,S137
345,975,0.0,S139
345,975,0.0,S142
345,975,0.0,S143
345,975,0.0,S144
345,975,0.0,S148
345,975,0.0,S149
345,975,0.0,S150
345,975,0.0,S152
345,975,0.0,S153
345,975,0.0,S154
345,975,0.0,S156
345,975,0.0,S158
345,975,0.0,S159
345,975,0.0,S160
345,975,0.0,S161
345,975,0.0,S162
345,975,0.0,S163
345,975,0.0,S165
345,975,0.0,S166
345,975,0.0,S168
345,975,0.0,S169
345,975,0.0,S170
345,975,0.0,S171
345,975,0.0,S172
345,975,0.0,S174
345,975,0.0,S175
345,975,0.0,S176
345,975,0.0,S177
345,975,0.0,S179
345,975,0.0,S180
345,975,0.0,S181
345,975,0.0,S182
345,975,0.0,S185
345,977,0.0,S001
345,977,0.0,S003
345,977,0.0,S005
345,977,0.0,S006
345,977,0.0,S008
345,977,0.0,S009
345,977,0.0,S010
345,977,0.0,S012
345,977,0.0,S013
345,977,0.0,S014
345,977,0.0,S016
345,977,0.0,S019
345,977,0.0,S021
345,977,0.0,S022
345,977,0.0,S024
345,977,0.0,S025
345,977,0.0,S026
345,977,0.0,S027
345,977,0.0,S028
345,977,0.0,S031
345,977,0.0,S033
345,977,0.0,S034
345,977,0.0,S035
345,977,0.0,S036
345,977,0.0,S037
345,977,0.0,S040
345,977,0.0,S041
345,977,0.0,S044
345,977,0.0,S045
345,977,0.0,S049
345,977,0.0,S050
345,977,0.0,S051
345,977,0.0,S054
345,977,0.0,S055
345,977,0.0,S057
345,977,0.0,S058
345,977,0.0,S060
345,977,0.0,S062
345,977,0.0,S064
345,977,0.0,S065
345,977,0.0,S067
345,977,0.0,S068
345,977,0.0,S070
345,977,0.0,S072
345,977,0.0,S073
345,977,0.0,S074
345,977,0.0,S076
345,977,0.0,S078
345,977,0.0,S079
345,977,0.0,S080
345,977,0.0,S081
345,977,0.0,S082
345,977,0.0,S083
345,977,0.0,S085
345,977,0.0,S086
345,977,0.0,S088
345,977,0.0,S089
345,977,0.0,S097
345,977,0.0,S099
345,977,0.0,S101
345,977,0.0,S102
345,977,0.0,S103
345,977,0.0,S104
345,977,0.0,S108
345,977,0.0,S109
345,977,0.0,S110
345,977,0.0,S112
345,977,0.0,S114
345,977,0.0,S115
345,977,0.0,S118
345,977,0.0,S121
345,977,0.0,S123
345,977,0.0,S124
345,977,0.0,S127
345,977,0.0,S129
345,977,0.0,S132
345,977,0.0,S134
345,977,0.0,S136
345,977,0.0,S137
345,977,0.0,S139
345,977,0.0,S142
345,977,100.0,S143
345,977,0.0,S144
345,977,0.0,S148
345,977,0.0,S149
345,977,0.0,S150
345,977,0.0,S152
345,977,0.0,S153
345,977,0.0,S154
345,977,0.0,S156
345,977,0.0,S159
345,977,0.0,S160
345,977,0.0,S161
345,977,0.0,S162
345,977,0.0,S163
345,977,0.0,S165
345,977,0.0,S166
345,977,0.0,S168
345,977,0.0,S169
345,977,0.0,S170
345,977,0.0,S171
345,977,0.0,S172
345,977,0.0,S174
345,977,0.0,S175
345,977,0.0,S177
345,977,0.0,S179
345,977,0.0,S181
345,977,0.0,S182
345,977,0.0,S185
345,1005,0.0,S001
345,1005,33.3,S003
345,1005,0.0,S005
345,1005,100.0,S006
345,1005,100.0,S008
345,1005,0.0,S009
345,1005,0.0,S010
345,1005,0.0,S012
345,1005,0.0,S013
345,1005,0.0,S014
345,1005,33.3,S015
345,1005,0.0,S016
345,1005,0.0,S019
345,1005,0.0,S021
345,1005,0.0,S022
345,1005,0.0,S024
345,1005,0.0,S025
345,1005,0.0,S026
345,1005,0.0,S027
345,1005,0.0,S028
345,1005,0.0,S031
345,1005,0.0,S033
345,1005,0.0,S034
345,1005,33.3,S035
345,1005,0.0,S036
345,1005,100.0,S041
345,1005,0.0,S044
345,1005,0.0,S045
345,1005,66.7,S049
345,1005,0.0,S050
345,1005,33.3,S051
345,1005,0.0,S054
345,1005,0.0,S055
345,1005,33.3,S057
345,1005,0.0,S058
345,1005,0.0,S060
345,1005,0.0,S062
345,1005,100.0,S064
345,1005,0.0,S065
345,1005,0.0,S067
345,1005,66.7,S068
345,1005,33.3,S070
345,1005,0.0,S072
345,1005,0.0,S073
345,1005,0.0,S074
345,1005,0.0,S076
345,1005,0.0,S078
345,1005,0.0,S079
345,1005,33.3,S080
345,1005,33.3,S081
345,1005,0.0,S082
345,1005,100.0,S083
345,1005,0.0,S085
345,1005,0.0,S086
345,1005,0.0,S088
345,1005,100.0,S089
345,1005,0.0,S092
345,1005,0.0,S094
345,1005,0.0,S097
345,1005,0.0,S099
345,1005,0.0,S100
345,1005,0.0,S101
345,1005,0.0,S102
345,1005,0.0,S103
345,1005,100.0,S104
345,1005,0.0,S108
345,1005,0.0,S109
345,1005,0.0,S110
345,1005,0.0,S112
345,1005,0.0,S114
345,1005,0.0,S115
345,1005,0.0,S118
345,1005,0.0,S121
345,1005,33.3,S123
345,1005,0.0,S124
345,1005,33.3,S127
345,1005,0.0,S128
345,1005,100.0,S129
345,1005,33.3,S132
345,1005,33.3,S134
345,1005,33.3,S136
345,1005,66.7,S137
345,1005,0.0,S139
345,1005,66.7,S142
345,1005,33.3,S143
345,1005,0.0,S144
345,1005,0.0,S148
345,1005,0.0,S149
345,1005,100.0,S150
345,1005,33.3,S152
345,1005,0.0,S153
345,1005,0.0,S154
345,1005,0.0,S156
345,1005,0.0,S158
345,1005,100.0,S159
345,1005,100.0,S160
345,1005,0.0,S161
345,1005,33.3,S162
345,1005,66.7,S163
345,1005,0.0,S165
345,1005,0.0,S166
345,1005,0.0,S168
345,1005,0.0,S169
345,1005,0.0,S170
345,1005,66.7,S171
345,1005,0.0,S172
345,1005,0.0,S173
345,1005,0.0,S174
345,1005,0.0,S175
345,1005,0.0,S176
345,1005,0.0,S177
345,1005,33.3,S179
345,1005,0.0,S180
345,1005,33.3,S181
345,1005,0.0,S182
345,1005,0.0,S185
345,1006,0.0,S001
345,1006,0.0,S003
345,1006,0.0,S005
345,1006,150.0,S006
345,1006,0.0,S008
345,1006,50.0,S009
345,1006,0.0,S010
345,1006,0.0,S012
345,1006,100.0,S013
345,1006,0.0,S014
345,1006,100.0,S015
345,1006,0.0,S016
345,1006,0.0,S019
345,1006,0.0,S021
345,1006,0.0,S022
345,1006,0.0,S024
345,1006,0.0,S025
345,1006,0.0,S026
345,1006,0.0,S027
345,1006,0.0,S028
345,1006,0.0,S031
345,1006,0.0,S033
345,1006,0.0,S034
345,1006,0.0,S035
345,1006,0.0,S036
345,1006,0.0,S037
345,1006,0.0,S041
345,1006,0.0,S044
345,1006,0.0,S045
345,1006,0.0,S049
345,1006,0.0,S050
345,1006,0.0,S051
345,1006,0.0,S054
345,1006,0.0,S055
345,1006,50.0,S057
345,1006,0.0,S058
345,1006,0.0,S060
345,1006,50.0,S062
345,1006,0.0,S064
345,1006,0.0,S065
345,1006,0.0,S067
345,1006,100.0,S068
345,1006,0.0,S070
345,1006,0.0,S072
345,1006,50.0,S073
345,1006,0.0,S074
345,1006,0.0,S076
345,1006,0.0,S078
345,1006,0.0,S079
345,1006,0.0,S080
345,1006,0.0,S081
345,1006,0.0,S082
345,1006,0.0,S083
345,1006,100.0,S085
345,1006,0.0,S086
345,1006,0.0,S088
345,1006,0.0,S089
345,1006,100.0,S092
345,1006,0.0,S097
345,1006,0.0,S099
345,1006,0.0,S100
345,1006,0.0,S101
345,1006,0.0,S102
345,1006,0.0,S103
345,1006,0.0,S104
345,1006,0.0,S108
345,1006,0.0,S109
345,1006,0.0,S110
345,1006,0.0,S112
345,1006,0.0,S114
345,1006,0.0,S115
345,1006,0.0,S117
345,1006,100.0,S118
345,1006,0.0,S121
345,1006,0.0,S123
345,1006,0.0,S124
345,1006,0.0,S127
345,1006,0.0,S128
345,1006,0.0,S129
345,1006,0.0,S132
345,1006,50.0,S136
345,1006,0.0,S137
345,1006,0.0,S139
345,1006,150.0,S143
345,1006,0.0,S144
345,1006,100.0,S148
345,1006,0.0,S149
345,1006,0.0,S150
345,1006,0.0,S152
345,1006,100.0,S153
345,1006,0.0,S154
345,1006,150.0,S156
345,1006,0.0,S158
345,1006,0.0,S159
345,1006,0.0,S160
345,1006,0.0,S161
345,1006,50.0,S162
345,1006,0.0,S163
345,1006,0.0,S165
345,1006,0.0,S166
345,1006,0.0,S168
345,1006,0.0,S169
345,1006,0.0,S170
345,1006,50.0,S171
345,1006,0.0,S172
345,1006,0.0,S174
345,1006,0.0,S175
345,1006,0.0,S177
345,1006,0.0,S179
345,1006,0.0,S180
345,1006,0.0,S181
345,1006,0.0,S182
345,1006,0.0,S185
345,1014,0.0,S001
345,1014,0.0,S003
345,1014,0.0,S005
345,1014,0.0,S006
345,1014,0.0,S008
345,1014,50.0,S009
345,1014,0.0,S010
345,1014,0.0,S012
345,1014,0.0,S013
345,1014,0.0,S014
345,1014,0.0,S016
345,1014,0.0,S019
345,1014,0.0,S021
345,1014,0.0,S022
345,1014,0.0,S024
345,1014,0.0,S025
345,1014,0.0,S026
345,1014,0.0,S027
345,1014,0.0,S028
345,1014,0.0,S031
345,1014,0.0,S033
345,1014,0.0,S034
345,1014,0.0,S035
345,1014,0.0,S036
345,1014,0.0,S037
345,1014,0.0,S041
345,1014,0.0,S044
345,1014,0.0,S045
345,1014,0.0,S049
345,1014,0.0,S050
345,1014,0.0,S054
345,1014,0.0,S055
345,1014,0.0,S057
345,1014,0.0,S058
345,1014,0.0,S060
345,1014,0.0,S062
345,1014,0.0,S064
345,1014,0.0,S065
345,1014,0.0,S067
345,1014,0.0,S068
345,1014,0.0,S072
345,1014,0.0,S074
345,1014,0.0,S076
345,1014,0.0,S078
345,1014,0.0,S079
345,1014,0.0,S080
345,1014,0.0,S081
345,1014,0.0,S083
345,1014,0.0,S085
345,1014,0.0,S086
345,1014,0.0,S088
345,1014,0.0,S092
345,1014,0.0,S097
345,1014,0.0,S099
345,1014,0.0,S101
345,1014,0.0,S102
345,1014,0.0,S103
345,1014,0.0,S104
345,1014,0.0,S108
345,1014,0.0,S109
345,1014,0.0,S110
345,1014,0.0,S112
345,1014,0.0,S114
345,1014,0.0,S115
345,1014,0.0,S117
345,1014,0.0,S118
345,1014,0.0,S121
345,1014,0.0,S123
345,1014,0.0,S124
345,1014,0.0,S127
345,1014,0.0,S128
345,1014,0.0,S132
345,1014,50.0,S136
345,1014,0.0,S137
345,1014,0.0,S139
345,1014,0.0,S142
345,1014,50.0,S143
345,1014,0.0,S144
345,1014,0.0,S148
345,1014,0.0,S149
345,1014,0.0,S150
345,1014,0.0,S152
345,1014,0.0,S153
345,1014,0.0,S154
345,1014,0.0,S156
345,1014,0.0,S159
345,1014,0.0,S160
345,1014,0.0,S163
345,1014,0.0,S165
345,1014,0.0,S166
345,1014,0.0,S168
345,1014,0.0,S169
345,1014,0.0,S170
345,1014,0.0,S171
345,1014,0.0,S172
345,1014,0.0,S174
345,1014,0.0,S175
345,1014,0.0,S176
345,1014,0.0,S177
345,1014,0.0,S179
345,1014,0.0,S180
345,1014,0.0,S181
345,1014,0.0,S185
345,1015,100.0,S001
345,1015,100.0,S003
345,1015,100.0,S005
345,1015,100.0,S006
345,1015,100.0,S008
345,1015,66.7,S009
345,1015,66.7,S010
345,1015,66.7,S012
345,1015,66.7,S013
345,1015,100.0,S014
345,1015,66.7,S015
345,1015,100.0,S016
345,1015,66.7,S019
345,1015,66.7,S021
345,1015,100.0,S022
345,1015,100.0,S024
345,1015,100.0,S025
345,1015,66.7,S026
345,1015,100.0,S027
345,1015,100.0,S028
345,1015,100.0,S031
345,1015,100.0,S033
345,1015,100.0,S034
345,1015,100.0,S035
345,1015,66.7,S036
345,1015,100.0,S037
345,1015,100.0,S041
345,1015,100.0,S044
345,1015,100.0,S045
345,1015,100.0,S049
345,1015,100.0,S050
345,1015,100.0,S051
345,1015,100.0,S054
345,1015,100.0,S055
345,1015,100.0,S057
345,1015,100.0,S058
345,1015,100.0,S060
345,1015,100.0,S062
345,1015,100.0,S064
345,1015,100.0,S065
345,1015,100.0,S067
345,1015,100.0,S068
345,1015,100.0,S072
345,1015,100.0,S073
345,1015,100.0,S074
345,1015,100.0,S076
345,1015,100.0,S078
345,1015,100.0,S079
345,1015,100.0,S080
345,1015,100.0,S081
345,1015,100.0,S082
345,1015,100.0,S083
345,1015,100.0,S085
345,1015,66.7,S086
345,1015,100.0,S088
345,1015,100.0,S089
345,1015,66.7,S092
345,1015,100.0,S096
345,1015,100.0,S097
345,1015,100.0,S099
345,1015,66.7,S100
345,1015,100.0,S101
345,1015,100.0,S102
345,1015,100.0,S103
345,1015,100.0,S104
345,1015,100.0,S108
345,1015,100.0,S109
345,1015,100.0,S110
345,1015,100.0,S112
345,1015,66.7,S114
345,1015,100.0,S115
345,1015,100.0,S118
345,1015,100.0,S121
345,1015,100.0,S123
345,1015,100.0,S124
345,1015,100.0,S127
345,1015,100.0,S128
345,1015,100.0,S129
345,1015,100.0,S132
345,1015,100.0,S134
345,1015,100.0,S136
345,1015,100.0,S137
345,1015,100.0,S139
345,1015,100.0,S142
345,1015,100.0,S143
345,1015,100.0,S144
345,1015,100.0,S148
345,1015,100.0,S149
345,1015,100.0,S150
345,1015,100.0,S152
345,1015,100.0,S153
345,1015,66.7,S154
345,1015,100.0,S156
345,1015,66.7,S158
345,1015,66.7,S159
345,1015,100.0,S160
345,1015,100.0,S161
345,1015,100.0,S162
345,1015,100.0,S163
345,1015,100.0,S165
345,1015,100.0,S166
345,1015,100.0,S168
345,1015,100.0,S169
345,1015,100.0,S170
345,1015,100.0,S171
345,1015,100.0,S172
345,1015,66.7,S174
345,1015,100.0,S175
345,1015,66.7,S176
345,1015,100.0,S177
345,1015,100.0,S179
345,1015,100.0,S180
345,1015,100.0,S181
345,1015,100.0,S182
345,1015,100.0,S185
345,1024,60.0,S001
345,1024,60.0,S003
345,1024,20.0,S005
345,1024,60.0,S006
345,1024,60.0,S008
345,1024,100.0,S010
345,1024,60.0,S013
345,1024,60.0,S022
345,1024,80.0,S024
345,1024,60.0,S026
345,1024,80.0,S027
345,1024,60.0,S028
345,1024,60.0,S031
345,1024,60.0,S033
345,1024,60.0,S035
345,1024,60.0,S036
345,1024,60.0,S041
345,1024,60.0,S045
345,1024,40.0,S049
345,1024,60.0,S051
345,1024,40.0,S055
345,1024,60.0,S058
345,1024,40.0,S060
345,1024,60.0,S067
345,1024,40.0,S068
345,1024,100.0,S072
345,1024,80.0,S074
345,1024,80.0,S076
345,1024,40.0,S078
345,1024,80.0,S079
345,1024,60.0,S081
345,1024,40.0,S082
345,1024,40.0,S083
345,1024,60.0,S085
345,1024,80.0,S088
345,1024,40.0,S089
345,1024,60.0,S092
345,1024,60.0,S097
345,1024,60.0,S099
345,1024,40.0,S101
345,1024,20.0,S102
345,1024,40.0,S103
345,1024,60.0,S104
345,1024,60.0,S108
345,1024,60.0,S110
345,1024,80.0,S112
345,1024,40.0,S115
345,1024,40.0,S117
345,1024,100.0,S118
345,1024,60.0,S121
345,1024,40.0,S124
345,1024,40.0,S127
345,1024,60.0,S128
345,1024,40.0,S129
345,1024,60.0,S134
345,1024,100.0,S136
345,1024,40.0,S137
345,1024,80.0,S139
345,1024,40.0,S142
345,1024,40.0,S143
345,1024,60.0,S148
345,1024,60.0,S149
345,1024,80.0,S153
345,1024,20.0,S154
345,1024,60.0,S156
345,1024,40.0,S162
345,1024,60.0,S163
345,1024,60.0,S165
345,1024,60.0,S166
345,1024,100.0,S168
345,1024,60.0,S169
345,1024,80.0,S170
345,1024,60.0,S171
345,1024,60.0,S172
345,1024,60.0,S174
345,1024,60.0,S175
345,1024,20.0,S177
345,1024,60.0,S179
345,1024,60.0,S181
345,1024,80.0,S182
345,1042,100.0,S001
345,1042,100.0,S003
345,1042,100.0,S005
345,1042,100.0,S006
345,1042,100.0,S008
345,1042,100.0,S009
345,1042,75.0,S012
345,1042,100.0,S013
345,1042,75.0,S014
345,1042,100.0,S015
345,1042,100.0,S016
345,1042,100.0,S022
345,1042,75.0,S024
345,1042,75.0,S025
345,1042,75.0,S026
345,1042,75.0,S027
345,1042,100.0,S028
345,1042,100.0,S031
345,1042,100.0,S033
345,1042,100.0,S034
345,1042,100.0,S035
345,1042,100.0,S036
345,1042,100.0,S037
345,1042,75.0,S041
345,1042,100.0,S044
345,1042,100.0,S045
345,1042,100.0,S049
345,1042,100.0,S050
345,1042,100.0,S051
345,1042,75.0,S054
345,1042,100.0,S055
345,1042,100.0,S058
345,1042,100.0,S060
345,1042,100.0,S062
345,1042,75.0,S065
345,1042,100.0,S067
345,1042,100.0,S068
345,1042,100.0,S072
345,1042,100.0,S073
345,1042,100.0,S074
345,1042,100.0,S076
345,1042,100.0,S078
345,1042,100.0,S079
345,1042,100.0,S081
345,1042,100.0,S082
345,1042,100.0,S083
345,1042,100.0,S085
345,1042,100.0,S086
345,1042,100.0,S088
345,1042,100.0,S089
345,1042,100.0,S092
345,1042,100.0,S097
345,1042,100.0,S099
345,1042,75.0,S101
345,1042,100.0,S102
345,1042,100.0,S103
345,1042,75.0,S104
345,1042,100.0,S108
345,1042,100.0,S109
345,1042,100.0,S110
345,1042,100.0,S112
345,1042,100.0,S114
345,1042,100.0,S115
345,1042,75.0,S118
345,1042,100.0,S121
345,1042,100.0,S123
345,1042,100.0,S124
345,1042,100.0,S127
345,1042,75.0,S128
345,1042,100.0,S129
345,1042,100.0,S132
345,1042,100.0,S134
345,1042,100.0,S136
345,1042,75.0,S137
345,1042,100.0,S139
345,1042,100.0,S142
345,1042,100.0,S143
345,1042,100.0,S144
345,1042,100.0,S148
345,1042,100.0,S149
345,1042,75.0,S150
345,1042,100.0,S152
345,1042,100.0,S153
345,1042,100.0,S154
345,1042,100.0,S156
345,1042,100.0,S159
345,1042,100.0,S160
345,1042,100.0,S161
345,1042,100.0,S162
345,1042,100.0,S163
345,1042,100.0,S165
345,1042,75.0,S166
345,1042,100.0,S168
345,1042,100.0,S169
345,1042,100.0,S170
345,1042,100.0,S171
345,1042,75.0,S172
345,1042,100.0,S174
345,1042,100.0,S175
345,1042,75.0,S176
345,1042,75.0,S177
345,1042,100.0,S179
345,1042,100.0,S181
345,1042,100.0,S182
345,1073,66.7,S001
345,1073,0.0,S003
345,1073,66.7,S005
345,1073,66.7,S006
345,1073,0.0,S008
345,1073,66.7,S009
345,1073,66.7,S010
345,1073,66.7,S012
345,1073,66.7,S013
345,1073,66.7,S014
345,1073,66.7,S015
345,1073,66.7,S016
345,1073,33.3,S019
345,1073,66.7,S021
345,1073,0.0,S022
345,1073,66.7,S024
345,1073,0.0,S025
345,1073,0.0,S026
345,1073,0.0,S027
345,1073,66.7,S028
345,1073,33.3,S031
345,1073,66.7,S033
345,1073,33.3,S034
345,1073,0.0,S035
345,1073,33.3,S036
345,1073,33.3,S037
345,1073,66.7,S041
345,1073,66.7,S044
345,1073,66.7,S045
345,1073,66.7,S049
345,1073,0.0,S050
345,1073,66.7,S051
345,1073,66.7,S054
345,1073,66.7,S055
345,1073,0.0,S057
345,1073,0.0,S058
345,1073,0.0,S060
345,1073,66.7,S062
345,1073,66.7,S064
345,1073,66.7,S065
345,1073,0.0,S067
345,1073,0.0,S068
345,1073,66.7,S072
345,1073,66.7,S073
345,1073,66.7,S074
345,1073,66.7,S076
345,1073,0.0,S078
345,1073,66.7,S079
345,1073,0.0,S080
345,1073,66.7,S081
345,1073,66.7,S082
345,1073,66.7,S083
345,1073,33.3,S085
345,1073,66.7,S086
345,1073,33.3,S088
345,1073,66.7,S092
345,1073,66.7,S096
345,1073,0.0,S097
345,1073,0.0,S099
345,1073,0.0,S101
345,1073,66.7,S102
345,1073,66.7,S103
345,1073,66.7,S104
345,1073,66.7,S108
345,1073,0.0,S109
345,1073,66.7,S110
345,1073,33.3,S112
345,1073,66.7,S114
345,1073,33.3,S115
345,1073,66.7,S117
345,1073,0.0,S118
345,1073,66.7,S121
345,1073,66.7,S123
345,1073,66.7,S124
345,1073,33.3,S127
345,1073,0.0,S128
345,1073,66.7,S129
345,1073,0.0,S132
345,1073,66.7,S134
345,1073,33.3,S136
345,1073,0.0,S137
345,1073,0.0,S139
345,1073,0.0,S142
345,1073,66.7,S143
345,1073,33.3,S144
345,1073,66.7,S148
345,1073,0.0,S149
345,1073,66.7,S150
345,1073,33.3,S152
345,1073,66.7,S153
345,1073,66.7,S154
345,1073,0.0,S156
345,1073,66.7,S158
345,1073,66.7,S159
345,1073,66.7,S160
345,1073,33.3,S161
345,1073,66.7,S162
345,1073,0.0,S163
345,1073,66.7,S165
345,1073,33.3,S166
345,1073,66.7,S168
345,1073,66.7,S169
345,1073,66.7,S170
345,1073,0.0,S171
345,1073,66.7,S172
345,1073,66.7,S173
345,1073,33.3,S174
345,1073,66.7,S175
345,1073,66.7,S176
345,1073,66.7,S177
345,1073,0.0,S179
345,1073,66.7,S180
345,1073,33.3,S181
345,1073,0.0,S182
345,1073,66.7,S185
345,1075,100.0,S001
345,1075,100.0,S005
345,1075,100.0,S006
345,1075,100.0,S008
345,1075,100.0,S009
345,1075,100.0,S010
345,1075,100.0,S012
345,1075,100.0,S013
345,1075,100.0,S014
345,1075,50.0,S015
345,1075,75.0,S016
345,1075,100.0,S019
345,1075,100.0,S021
345,1075,100.0,S022
345,1075,100.0,S024
345,1075,100.0,S025
345,1075,100.0,S026
345,1075,100.0,S027
345,1075,75.0,S028
345,1075,100.0,S031
345,1075,100.0,S033
345,1075,75.0,S034
345,1075,100.0,S035
345,1075,75.0,S036
345,1075,75.0,S037
345,1075,100.0,S041
345,1075,100.0,S044
345,1075,100.0,S045
345,1075,100.0,S049
345,1075,100.0,S050
345,1075,100.0,S051
345,1075,100.0,S054
345,1075,100.0,S055
345,1075,100.0,S057
345,1075,100.0,S058
345,1075,100.0,S060
345,1075,100.0,S062
345,1075,100.0,S064
345,1075,100.0,S065
345,1075,100.0,S067
345,1075,100.0,S068
345,1075,100.0,S072
345,1075,100.0,S073
345,1075,100.0,S074
345,1075,100.0,S076
345,1075,100.0,S078
345,1075,100.0,S079
345,1075,100.0,S080
345,1075,100.0,S081
345,1075,100.0,S082
345,1075,100.0,S083
345,1075,100.0,S085
345,1075,100.0,S086
345,1075,100.0,S088
345,1075,100.0,S089
345,1075,100.0,S092
345,1075,50.0,S096
345,1075,100.0,S097
345,1075,100.0,S099
345,1075,100.0,S100
345,1075,100.0,S101
345,1075,100.0,S102
345,1075,100.0,S103
345,1075,75.0,S104
345,1075,100.0,S108
345,1075,100.0,S109
345,1075,100.0,S110
345,1075,100.0,S112
345,1075,100.0,S114
345,1075,100.0,S115
345,1075,100.0,S117
345,1075,100.0,S118
345,1075,100.0,S121
345,1075,100.0,S123
345,1075,100.0,S124
345,1075,100.0,S127
345,1075,100.0,S128
345,1075,100.0,S129
345,1075,100.0,S132
345,1075,50.0,S134
345,1075,100.0,S136
345,1075,100.0,S137
345,1075,100.0,S139
345,1075,100.0,S142
345,1075,75.0,S143
345,1075,100.0,S144
345,1075,100.0,S148
345,1075,100.0,S149
345,1075,100.0,S150
345,1075,100.0,S152
345,1075,100.0,S153
345,1075,100.0,S154
345,1075,100.0,S156
345,1075,75.0,S158
345,1075,75.0,S159
345,1075,100.0,S160
345,1075,100.0,S161
345,1075,100.0,S162
345,1075,75.0,S163
345,1075,75.0,S165
345,1075,100.0,S166
345,1075,100.0,S168
345,1075,100.0,S169
345,1075,100.0,S170
345,1075,100.0,S171
345,1075,100.0,S172
345,1075,75.0,S173
345,1075,100.0,S174
345,1075,100.0,S175
345,1075,100.0,S176
345,1075,100.0,S177
345,1075,100.0,S179
345,1075,100.0,S180
345,1075,100.0,S181
345,1075,100.0,S182
345,1075,100.0,S185
345,1085,100.0,S001
345,1085,100.0,S003
345,1085,100.0,S005
345,1085,100.0,S006
345,1085,100.0,S008
345,1085,100.0,S009
345,1085,100.0,S010
345,1085,100.0,S012
345,1085,100.0,S013
345,1085,100.0,S014
345,1085,66.7,S019
345,1085,100.0,S021
345,1085,100.0,S022
345,1085,100.0,S024
345,1085,100.0,S025
345,1085,100.0,S026
345,1085,100.0,S027
345,1085,100.0,S028
345,1085,100.0,S031
345,1085,100.0,S033
345,1085,66.7,S034
345,1085,100.0,S035
345,1085,100.0,S036
345,1085,100.0,S037
345,1085,100.0,S041
345,1085,100.0,S044
345,1085,100.0,S045
345,1085,100.0,S049
345,1085,100.0,S050
345,1085,100.0,S051
345,1085,100.0,S054
345,1085,100.0,S055
345,1085,100.0,S057
345,1085,100.0,S058
345,1085,100.0,S060
345,1085,100.0,S062
345,1085,100.0,S064
345,1085,100.0,S065
345,1085,100.0,S067
345,1085,100.0,S068
345,1085,100.0,S072
345,1085,100.0,S073
345,1085,100.0,S074
345,1085,100.0,S076
345,1085,100.0,S078
345,1085,100.0,S079
345,1085,100.0,S080
345,1085,100.0,S081
345,1085,100.0,S082
345,1085,100.0,S083
345,1085,100.0,S085
345,1085,100.0,S086
345,1085,100.0,S088
345,1085,100.0,S092
345,1085,100.0,S096
345,1085,100.0,S097
345,1085,100.0,S099
345,1085,100.0,S100
345,1085,100.0,S101
345,1085,100.0,S102
345,1085,100.0,S103
345,1085,100.0,S104
345,1085,100.0,S108
345,1085,100.0,S109
345,1085,100.0,S110
345,1085,100.0,S112
345,1085,100.0,S114
345,1085,100.0,S115
345,1085,100.0,S117
345,1085,100.0,S118
345,1085,100.0,S121
345,1085,100.0,S123
345,1085,100.0,S124
345,1085,100.0,S127
345,1085,100.0,S128
345,1085,100.0,S129
345,1085,100.0,S132
345,1085,100.0,S134
345,1085,100.0,S136
345,1085,100.0,S137
345,1085,100.0,S139
345,1085,100.0,S142
345,1085,100.0,S143
345,1085,66.7,S144
345,1085,100.0,S148
345,1085,100.0,S149
345,1085,100.0,S150
345,1085,100.0,S153
345,1085,100.0,S154
345,1085,100.0,S156
345,1085,100.0,S158
345,1085,100.0,S159
345,1085,100.0,S160
345,1085,100.0,S161
345,1085,100.0,S162
345,1085,100.0,S163
345,1085,100.0,S165
345,1085,100.0,S166
345,1085,100.0,S168
345,1085,100.0,S169
345,1085,100.0,S170
345,1085,100.0,S171
345,1085,100.0,S172
345,1085,100.0,S173
345,1085,100.0,S174
345,1085,100.0,S175
345,1085,100.0,S176
345,1085,100.0,S177
345,1085,100.0,S179
345,1085,100.0,S180
345,1085,100.0,S181
345,1085,100.0,S182
345,1085,100.0,S185
345,1088,100.0,S001
345,1088,100.0,S003
345,1088,100.0,S005
345,1088,100.0,S006
345,1088,75.0,S008
345,1088,100.0,S009
345,1088,100.0,S010
345,1088,100.0,S012
345,1088,100.0,S013
345,1088,100.0,S014
345,1088,75.0,S015
345,1088,100.0,S016
345,1088,100.0,S019
345,1088,100.0,S021
345,1088,100.0,S022
345,1088,100.0,S024
345,1088,100.0,S025
345,1088,100.0,S026
345,1088,100.0,S027
345,1088,100.0,S028
345,1088,100.0,S031
345,1088,100.0,S033
345,1088,100.0,S034
345,1088,75.0,S035
345,1088,100.0,S036
345,1088,100.0,S037
345,1088,100.0,S041
345,1088,100.0,S044
345,1088,100.0,S045
345,1088,75.0,S049
345,1088,100.0,S050
345,1088,100.0,S051
345,1088,100.0,S055
345,1088,75.0,S057
345,1088,100.0,S058
345,1088,100.0,S060
345,1088,100.0,S062
345,1088,100.0,S064
345,1088,100.0,S065
345,1088,100.0,S067
345,1088,75.0,S068
345,1088,50.0,S072
345,1088,100.0,S073
345,1088,100.0,S074
345,1088,100.0,S076
345,1088,100.0,S078
345,1088,100.0,S079
345,1088,100.0,S080
345,1088,100.0,S081
345,1088,100.0,S082
345,1088,100.0,S083
345,1088,100.0,S085
345,1088,100.0,S086
345,1088,100.0,S088
345,1088,100.0,S096
345,1088,100.0,S097
345,1088,100.0,S099
345,1088,100.0,S100
345,1088,100.0,S101
345,1088,100.0,S102
345,1088,100.0,S103
345,1088,100.0,S104
345,1088,100.0,S108
345,1088,100.0,S109
345,1088,100.0,S110
345,1088,100.0,S112
345,1088,100.0,S114
345,1088,100.0,S115
345,1088,100.0,S117
345,1088,75.0,S118
345,1088,100.0,S121
345,1088,100.0,S123
345,1088,50.0,S124
345,1088,75.0,S127
345,1088,100.0,S128
345,1088,100.0,S129
345,1088,100.0,S132
345,1088,100.0,S136
345,1088,100.0,S137
345,1088,100.0,S139
345,1088,100.0,S142
345,1088,100.0,S143
345,1088,100.0,S144
345,1088,100.0,S148
345,1088,100.0,S149
345,1088,100.0,S150
345,1088,50.0,S152
345,1088,100.0,S153
345,1088,100.0,S154
345,1088,75.0,S156
345,1088,100.0,S158
345,1088,100.0,S159
345,1088,100.0,S160
345,1088,100.0,S161
345,1088,100.0,S162
345,1088,100.0,S163
345,1088,100.0,S165
345,1088,100.0,S166
345,1088,100.0,S168
345,1088,100.0,S169
345,1088,100.0,S170
345,1088,75.0,S171
345,1088,100.0,S172
345,1088,100.0,S174
345,1088,75.0,S175
345,1088,100.0,S176
345,1088,100.0,S177
345,1088,50.0,S179
345,1088,100.0,S180
345,1088,100.0,S181
345,1088,100.0,S182
345,1088,100.0,S185
345,1095,100.0,S001
345,1095,100.0,S003
345,1095,100.0,S005
345,1095,100.0,S006
345,1095,100.0,S008
345,1095,100.0,S009
345,1095,100.0,S010
345,1095,75.0,S012
345,1095,100.0,S013
345,1095,100.0,S014
345,1095,100.0,S015
345,1095,100.0,S016
345,1095,100.0,S019
345,1095,100.0,S021
345,1095,100.0,S022
345,1095,100.0,S024
345,1095,100.0,S025
345,1095,75.0,S026
345,1095,100.0,S028
345,1095,100.0,S031
345,1095,100.0,S033
345,1095,100.0,S034
345,1095,100.0,S035
345,1095,100.0,S036
345,1095,100.0,S037
345,1095,100.0,S041
345,1095,100.0,S044
345,1095,100.0,S045
345,1095,100.0,S049
345,1095,100.0,S050
345,1095,100.0,S051
345,1095,100.0,S054
345,1095,100.0,S057
345,1095,100.0,S058
345,1095,100.0,S060
345,1095,100.0,S062
345,1095,100.0,S064
345,1095,100.0,S065
345,1095,100.0,S067
345,1095,100.0,S068
345,1095,100.0,S072
345,1095,100.0,S073
345,1095,100.0,S074
345,1095,100.0,S076
345,1095,100.0,S078
345,1095,100.0,S079
345,1095,100.0,S080
345,1095,100.0,S081
345,1095,100.0,S082
345,1095,100.0,S083
345,1095,100.0,S086
345,1095,100.0,S088
345,1095,100.0,S089
345,1095,100.0,S092
345,1095,75.0,S096
345,1095,100.0,S097
345,1095,100.0,S099
345,1095,100.0,S100
345,1095,100.0,S101
345,1095,100.0,S102
345,1095,100.0,S103
345,1095,100.0,S104
345,1095,100.0,S108
345,1095,100.0,S109
345,1095,100.0,S110
345,1095,100.0,S112
345,1095,100.0,S114
345,1095,100.0,S115
345,1095,100.0,S118
345,1095,100.0,S123
345,1095,100.0,S124
345,1095,100.0,S127
345,1095,100.0,S128
345,1095,100.0,S129
345,1095,100.0,S132
345,1095,100.0,S134
345,1095,100.0,S136
345,1095,100.0,S137
345,1095,100.0,S139
345,1095,100.0,S142
345,1095,100.0,S143
345,1095,100.0,S144
345,1095,100.0,S148
345,1095,100.0,S149
345,1095,100.0,S150
345,1095,75.0,S152
345,1095,100.0,S153
345,1095,100.0,S154
345,1095,100.0,S156
345,1095,100.0,S158
345,1095,100.0,S159
345,1095,100.0,S160
345,1095,100.0,S161
345,1095,100.0,S162
345,1095,100.0,S163
345,1095,100.0,S165
345,1095,100.0,S166
345,1095,100.0,S169
345,1095,100.0,S170
345,1095,100.0,S171
345,1095,100.0,S172
345,1095,100.0,S174
345,1095,100.0,S177
345,1095,100.0,S179
345,1095,100.0,S180
345,1095,100.0,S181
345,1095,100.0,S185
345,1096,100.0,S001
345,1096,100.0,S003
345,1096,100.0,S005
345,1096,100.0,S006
345,1096,66.7,S009
345,1096,100.0,S010
345,1096,100.0,S012
345,1096,100.0,S013
345,1096,100.0,S014
345,1096,100.0,S015
345,1096,100.0,S016
345,1096,100.0,S019
345,1096,100.0,S021
345,1096,100.0,S022
345,1096,100.0,S024
345,1096,100.0,S025
345,1096,100.0,S026
345,1096,100.0,S027
345,1096,100.0,S028
345,1096,100.0,S031
345,1096,100.0,S033
345,1096,100.0,S035
345,1096,100.0,S036
345,1096,100.0,S037
345,1096,100.0,S044
345,1096,100.0,S045
345,1096,66.7,S049
345,1096,100.0,S050
345,1096,100.0,S051
345,1096,100.0,S054
345,1096,100.0,S055
345,1096,100.0,S057
345,1096,100.0,S058
345,1096,100.0,S062
345,1096,100.0,S064
345,1096,100.0,S065
345,1096,100.0,S067
345,1096,100.0,S072
345,1096,100.0,S074
345,1096,100.0,S076
345,1096,100.0,S078
345,1096,100.0,S079
345,1096,100.0,S080
345,1096,100.0,S081
345,1096,100.0,S082
345,1096,100.0,S085
345,1096,100.0,S086
345,1096,100.0,S088
345,1096,100.0,S089
345,1096,66.7,S092
345,1096,100.0,S096
345,1096,100.0,S097
345,1096,100.0,S099
345,1096,100.0,S100
345,1096,100.0,S101
345,1096,100.0,S102
345,1096,100.0,S103
345,1096,100.0,S104
345,1096,100.0,S109
345,1096,100.0,S110
345,1096,100.0,S112
345,1096,66.7,S114
345,1096,100.0,S118
345,1096,100.0,S121
345,1096,100.0,S123
345,1096,100.0,S124
345,1096,100.0,S127
345,1096,100.0,S128
345,1096,100.0,S132
345,1096,66.7,S136
345,1096,100.0,S139
345,1096,100.0,S142
345,1096,100.0,S143
345,1096,100.0,S144
345,1096,100.0,S148
345,1096,100.0,S149
345,1096,100.0,S150
345,1096,100.0,S152
345,1096,100.0,S153
345,1096,100.0,S154
345,1096,100.0,S156
345,1096,100.0,S158
345,1096,100.0,S159
345,1096,100.0,S160
345,1096,100.0,S161
345,1096,100.0,S163
345,1096,100.0,S165
345,1096,33.3,S166
345,1096,100.0,S168
345,1096,100.0,S169
345,1096,100.0,S170
345,1096,100.0,S171
345,1096,100.0,S172
345,1096,100.0,S174
345,1096,100.0,S175
345,1096,100.0,S176
345,1096,100.0,S177
345,1096,100.0,S179
345,1096,100.0,S180
345,1096,100.0,S181
345,1096,100.0,S182
345,1096,100.0,S185
345,1104,50.0,S001
345,1104,62.5,S003
345,1104,62.5,S006
345,1104,25.0,S008
345,1104,37.5,S009
345,1104,62.5,S010
345,1104,25.0,S012
345,1104,62.5,S013
345,1104,62.5,S014
345,1104,25.0,S015
345,1104,37.5,S016
345,1104,62.5,S019
345,1104,62.5,S021
345,1104,62.5,S022
345,1104,62.5,S024
345,1104,62.5,S026
345,1104,62.5,S027
345,1104,50.0,S028
345,1104,25.0,S031
345,1104,37.5,S033
345,1104,50.0,S034
345,1104,62.5,S035
345,1104,62.5,S037
345,1104,37.5,S041
345,1104,37.5,S044
345,1104,50.0,S049
345,1104,62.5,S050
345,1104,62.5,S051
345,1104,50.0,S054
345,1104,37.5,S055
345,1104,25.0,S057
345,1104,62.5,S058
345,1104,50.0,S060
345,1104,62.5,S062
345,1104,25.0,S064
345,1104,62.5,S065
345,1104,62.5,S067
345,1104,25.0,S068
345,1104,37.5,S073
345,1104,50.0,S074
345,1104,62.5,S076
345,1104,50.0,S078
345,1104,25.0,S080
345,1104,37.5,S081
345,1104,37.5,S085
345,1104,62.5,S086
345,1104,12.5,S088
345,1104,50.0,S089
345,1104,37.5,S092
345,1104,62.5,S097
345,1104,37.5,S099
345,1104,62.5,S100
345,1104,37.5,S101
345,1104,12.5,S102
345,1104,50.0,S103
345,1104,25.0,S104
345,1104,62.5,S108
345,1104,50.0,S109
345,1104,62.5,S110
345,1104,37.5,S112
345,1104,37.5,S114
345,1104,25.0,S118
345,1104,50.0,S123
345,1104,62.5,S124
345,1104,25.0,S127
345,1104,25.0,S129
345,1104,62.5,S132
345,1104,12.5,S137
345,1104,50.0,S139
345,1104,37.5,S142
345,1104,62.5,S143
345,1104,0.0,S144
345,1104,37.5,S148
345,1104,62.5,S149
345,1104,25.0,S150
345,1104,12.5,S152
345,1104,62.5,S153
345,1104,25.0,S154
345,1104,50.0,S156
345,1104,37.5,S158
345,1104,25.0,S159
345,1104,37.5,S160
345,1104,62.5,S161
345,1104,50.0,S163
345,1104,62.5,S165
345,1104,62.5,S166
345,1104,62.5,S168
345,1104,62.5,S169
345,1104,62.5,S171
345,1104,62.5,S172
345,1104,62.5,S174
345,1104,62.5,S175
345,1104,37.5,S177
345,1104,25.0,S179
345,1104,50.0,S181
345,1104,62.5,S182
345,1104,25.0,S185
345,1108,70.0,S001
345,1108,100.0,S003
345,1108,70.0,S006
345,1108,90.0,S008
345,1108,60.0,S009
345,1108,80.0,S010
345,1108,60.0,S012
345,1108,90.0,S013
345,1108,100.0,S014
345,1108,40.0,S015
345,1108,100.0,S022
345,1108,100.0,S024
345,1108,80.0,S025
345,1108,100.0,S026
345,1108,20.0,S027
345,1108,100.0,S028
345,1108,40.0,S031
345,1108,40.0,S033
345,1108,80.0,S034
345,1108,10.0,S037
345,1108,60.0,S041
345,1108,50.0,S044
345,1108,50.0,S045
345,1108,90.0,S049
345,1108,40.0,S050
345,1108,90.0,S051
345,1108,100.0,S054
345,1108,40.0,S055
345,1108,40.0,S057
345,1108,90.0,S058
345,1108,100.0,S060
345,1108,20.0,S062
345,1108,50.0,S064
345,1108,100.0,S065
345,1108,20.0,S067
345,1108,20.0,S068
345,1108,100.0,S072
345,1108,20.0,S073
345,1108,80.0,S074
345,1108,100.0,S076
345,1108,70.0,S078
345,1108,10.0,S080
345,1108,100.0,S081
345,1108,60.0,S082
345,1108,30.0,S086
345,1108,60.0,S088
345,1108,20.0,S092
345,1108,70.0,S096
345,1108,90.0,S097
345,1108,80.0,S099
345,1108,70.0,S101
345,1108,30.0,S102
345,1108,100.0,S103
345,1108,60.0,S108
345,1108,100.0,S112
345,1108,50.0,S114
345,1108,70.0,S115
345,1108,80.0,S117
345,1108,60.0,S121
345,1108,100.0,S123
345,1108,40.0,S124
345,1108,50.0,S127
345,1108,70.0,S128
345,1108,60.0,S129
345,1108,80.0,S132
345,1108,70.0,S134
345,1108,0.0,S137
345,1108,100.0,S139
345,1108,30.0,S142
345,1108,100.0,S143
345,1108,80.0,S144
345,1108,100.0,S148
345,1108,100.0,S149
345,1108,100.0,S150
345,1108,60.0,S153
345,1108,50.0,S156
345,1108,40.0,S159
345,1108,40.0,S160
345,1108,50.0,S163
345,1108,50.0,S165
345,1108,40.0,S166
345,1108,50.0,S169
345,1108,100.0,S170
345,1108,80.0,S171
345,1108,100.0,S172
345,1108,20.0,S174
345,1108,90.0,S177
345,1108,30.0,S179
345,1108,20.0,S181
345,1108,90.0,S182
345,1108,20.0,S185
345,1115,90.0,S001
345,1115,100.0,S006
345,1115,70.0,S008
345,1115,50.0,S009
345,1115,90.0,S010
345,1115,100.0,S014
345,1115,70.0,S019
345,1115,90.0,S022
345,1115,100.0,S024
345,1115,100.0,S025
345,1115,70.0,S026
345,1115,80.0,S027
345,1115,100.0,S028
345,1115,80.0,S033
345,1115,90.0,S034
345,1115,100.0,S035
345,1115,90.0,S037
345,1115,90.0,S041
345,1115,100.0,S045
345,1115,100.0,S050
345,1115,100.0,S051
345,1115,90.0,S057
345,1115,100.0,S058
345,1115,100.0,S060
345,1115,100.0,S064
345,1115,100.0,S065
345,1115,80.0,S067
345,1115,60.0,S068
345,1115,90.0,S072
345,1115,100.0,S074
345,1115,100.0,S076
345,1115,90.0,S078
345,1115,80.0,S079
345,1115,50.0,S080
345,1115,100.0,S082
345,1115,80.0,S088
345,1115,90.0,S092
345,1115,60.0,S097
345,1115,100.0,S099
345,1115,80.0,S100
345,1115,80.0,S101
345,1115,100.0,S103
345,1115,100.0,S108
345,1115,90.0,S109
345,1115,80.0,S110
345,1115,90.0,S112
345,1115,90.0,S114
345,1115,80.0,S115
345,1115,100.0,S118
345,1115,90.0,S121
345,1115,100.0,S123
345,1115,40.0,S124
345,1115,100.0,S127
345,1115,100.0,S128
345,1115,80.0,S132
345,1115,100.0,S137
345,1115,90.0,S139
345,1115,90.0,S142
345,1115,100.0,S143
345,1115,80.0,S144
345,1115,90.0,S148
345,1115,100.0,S149
345,1115,80.0,S152
345,1115,100.0,S153
345,1115,40.0,S154
345,1115,90.0,S156
345,1115,100.0,S159
345,1115,90.0,S160
345,1115,100.0,S161
345,1115,100.0,S166
345,1115,100.0,S168
345,1115,50.0,S169
345,1115,60.0,S170
345,1115,100.0,S172
345,1115,80.0,S175
345,1115,70.0,S177
345,1115,90.0,S179
345,1115,70.0,S181
345,1115,90.0,S182
345,1116,73.6,S001
345,1116,81.1,S003
345,1116,62.3,S006
345,1116,54.7,S008
345,1116,50.9,S009
345,1116,66.0,S010
345,1116,69.8,S013
345,1116,69.8,S014
345,1116,18.9,S015
345,1116,81.1,S022
345,1116,86.8,S024
345,1116,88.7,S025
345,1116,69.8,S026
345,1116,47.2,S027
345,1116,69.8,S028
345,1116,81.1,S031
345,1116,26.4,S033
345,1116,52.8,S034
345,1116,52.8,S035
345,1116,64.2,S037
345,1116,54.7,S041
345,1116,77.4,S045
345,1116,39.6,S049
345,1116,64.2,S050
345,1116,86.8,S051
345,1116,58.5,S055
345,1116,77.4,S057
345,1116,71.7,S058
345,1116,81.1,S060
345,1116,28.3,S064
345,1116,22.6,S065
345,1116,45.3,S067
345,1116,43.4,S068
345,1116,86.8,S072
345,1116,66.0,S073
345,1116,60.4,S074
345,1116,88.7,S076
345,1116,56.6,S078
345,1116,81.1,S079
345,1116,41.5,S080
345,1116,60.4,S081
345,1116,9.4,S082
345,1116,69.8,S088
345,1116,52.8,S092
345,1116,0.0,S096
345,1116,49.1,S097
345,1116,73.6,S099
345,1116,79.2,S100
345,1116,50.9,S101
345,1116,60.4,S102
345,1116,60.4,S103
345,1116,41.5,S104
345,1116,0.0,S108
345,1116,64.2,S110
345,1116,66.0,S112
345,1116,50.9,S114
345,1116,79.2,S115
345,1116,45.3,S117
345,1116,64.2,S118
345,1116,73.6,S121
345,1116,83.0,S123
345,1116,58.5,S124
345,1116,66.0,S127
345,1116,37.7,S128
345,1116,47.2,S129
345,1116,49.1,S132
345,1116,45.3,S137
345,1116,73.6,S139
345,1116,56.6,S142
345,1116,67.9,S143
345,1116,86.8,S144
345,1116,41.5,S148
345,1116,77.4,S149
345,1116,30.2,S150
345,1116,60.4,S152
345,1116,56.6,S153
345,1116,37.7,S156
345,1116,83.0,S159
345,1116,60.4,S160
345,1116,79.2,S161
345,1116,64.2,S163
345,1116,58.5,S166
345,1116,41.5,S168
345,1116,66.0,S169
345,1116,94.3,S170
345,1116,56.6,S171
345,1116,84.9,S172
345,1116,86.8,S174
345,1116,56.6,S175
345,1116,54.7,S177
345,1116,58.5,S179
345,1116,69.8,S180
345,1116,67.9,S185
351,1057,100.0,S002
351,1057,100.0,S004
351,1057,100.0,S007
351,1057,100.0,S011
351,1057,100.0,S017
351,1057,100.0,S018
351,1057,100.0,S020
351,1057,100.0,S023
351,1057,75.0,S029
351,1057,100.0,S030
351,1057,50.0,S032
351,1057,100.0,S038
351,1057,100.0,S039
351,1057,100.0,S042
351,1057,100.0,S043
351,1057,75.0,S046
351,1057,100.0,S047
351,1057,75.0,S048
351,1057,100.0,S052
351,1057,100.0,S053
351,1057,75.0,S056
351,1057,100.0,S059
351,1057,100.0,S061
351,1057,100.0,S063
351,1057,100.0,S066
351,1057,100.0,S069
351,1057,100.0,S071
351,1057,100.0,S075
351,1057,100.0,S077
351,1057,100.0,S084
351,1057,100.0,S087
351,1057,100.0,S091
351,1057,100.0,S093
351,1057,100.0,S095
351,1057,100.0,S098
351,1057,100.0,S105
351,1057,100.0,S106
351,1057,75.0,S107
351,1057,100.0,S113
351,1057,50.0,S116
351,1057,100.0,S119
351,1057,100.0,S120
351,1057,100.0,S122
351,1057,100.0,S125
351,1057,100.0,S126
351,1057,75.0,S130
351,1057,100.0,S131
351,1057,100.0,S133
351,1057,100.0,S135
351,1057,50.0,S138
351,1057,100.0,S140
351,1057,100.0,S141
351,1057,100.0,S145
351,1057,100.0,S146
351,1057,100.0,S147
351,1057,100.0,S151
351,1057,75.0,S155
351,1057,100.0,S157
351,1057,100.0,S164
351,1057,100.0,S167
351,1057,100.0,S178
351,1057,100.0,S183
351,1057,75.0,S184
351,1058,80.0,S002
351,1058,80.0,S007
351,1058,40.0,S011
351,1058,80.0,S017
351,1058,20.0,S018
351,1058,100.0,S020
351,1058,60.0,S023
351,1058,60.0,S029
351,1058,100.0,S032
351,1058,100.0,S038
351,1058,80.0,S039
351,1058,20.0,S043
351,1058,20.0,S046
351,1058,80.0,S047
351,1058,80.0,S052
351,1058,40.0,S053
351,1058,80.0,S056
351,1058,60.0,S059
351,1058,40.0,S061
351,1058,60.0,S063
351,1058,80.0,S066
351,1058,80.0,S069
351,1058,20.0,S071
351,1058,60.0,S077
351,1058,80.0,S087
351,1058,80.0,S090
351,1058,40.0,S093
351,1058,100.0,S095
351,1058,80.0,S098
351,1058,60.0,S105
351,1058,60.0,S113
351,1058,20.0,S116
351,1058,60.0,S119
351,1058,40.0,S120
351,1058,20.0,S122
351,1058,80.0,S125
351,1058,60.0,S126
351,1058,20.0,S130
351,1058,60.0,S131
351,1058,80.0,S133
351,1058,60.0,S140
351,1058,80.0,S141
351,1058,80.0,S145
351,1058,60.0,S146
351,1058,80.0,S155
351,1058,20.0,S157
351,1058,80.0,S164
351,1058,40.0,S167
351,1058,80.0,S178
351,1058,80.0,S183
351,1059,66.7,S002
351,1059,33.3,S004
351,1059,66.7,S017
351,1059,66.7,S018
351,1059,66.7,S020
351,1059,33.3,S023
351,1059,66.7,S029
351,1059,66.7,S030
351,1059,66.7,S032
351,1059,66.7,S038
351,1059,66.7,S039
351,1059,66.7,S042
351,1059,66.7,S043
351,1059,66.7,S046
351,1059,66.7,S047
351,1059,33.3,S048
351,1059,66.7,S052
351,1059,66.7,S053
351,1059,66.7,S056
351,1059,66.7,S059
351,1059,33.3,S061
351,1059,66.7,S063
351,1059,66.7,S066
351,1059,66.7,S069
351,1059,33.3,S071
351,1059,33.3,S075
351,1059,33.3,S077
351,1059,33.3,S084
351,1059,33.3,S087
351,1059,33.3,S090
351,1059,33.3,S091
351,1059,66.7,S093
351,1059,66.7,S095
351,1059,66.7,S098
351,1059,66.7,S105
351,1059,66.7,S106
351,1059,0.0,S107
351,1059,66.7,S111
351,1059,66.7,S113
351,1059,66.7,S116
351,1059,33.3,S119
351,1059,33.3,S120
351,1059,33.3,S122
351,1059,33.3,S125
351,1059,66.7,S126
351,1059,66.7,S130
351,1059,66.7,S131
351,1059,66.7,S133
351,1059,66.7,S135
351,1059,33.3,S138
351,1059,33.3,S140
351,1059,66.7,S141
351,1059,66.7,S145
351,1059,33.3,S146
351,1059,66.7,S147
351,1059,66.7,S151
351,1059,66.7,S155
351,1059,66.7,S157
351,1059,66.7,S164
351,1059,33.3,S167
351,1059,66.7,S178
351,1059,66.7,S183
351,1059,66.7,S184
351,1062,100.0,S002
351,1062,100.0,S004
351,1062,75.0,S007
351,1062,0.0,S011
351,1062,100.0,S017
351,1062,100.0,S018
351,1062,100.0,S020
351,1062,100.0,S023
351,1062,50.0,S029
351,1062,75.0,S032
351,1062,100.0,S038
351,1062,100.0,S039
351,1062,100.0,S042
351,1062,100.0,S043
351,1062,100.0,S046
351,1062,100.0,S047
351,1062,25.0,S048
351,1062,100.0,S052
351,1062,100.0,S053
351,1062,100.0,S056
351,1062,100.0,S059
351,1062,75.0,S061
351,1062,100.0,S063
351,1062,75.0,S066
351,1062,100.0,S069
351,1062,100.0,S071
351,1062,100.0,S075
351,1062,100.0,S077
351,1062,100.0,S084
351,1062,100.0,S087
351,1062,25.0,S090
351,1062,100.0,S091
351,1062,100.0,S093
351,1062,100.0,S095
351,1062,100.0,S098
351,1062,100.0,S105
351,1062,100.0,S106
351,1062,75.0,S107
351,1062,100.0,S113
351,1062,75.0,S116
351,1062,100.0,S119
351,1062,100.0,S120
351,1062,100.0,S122
351,1062,75.0,S125
351,1062,100.0,S126
351,1062,100.0,S130
351,1062,100.0,S131
351,1062,100.0,S133
351,1062,75.0,S135
351,1062,100.0,S138
351,1062,100.0,S140
351,1062,75.0,S141
351,1062,100.0,S145
351,1062,100.0,S146
351,1062,75.0,S151
351,1062,75.0,S155
351,1062,75.0,S157
351,1062,100.0,S164
351,1062,100.0,S167
351,1062,100.0,S178
351,1062,75.0,S183
351,1062,75.0,S184
351,1065,,S002
351,1065,,S004
351,1065,,S017
351,1065,,S018
351,1065,,S023
351,1065,,S029
351,1065,,S038
351,1065,,S039
351,1065,,S042
351,1065,,S043
351,1065,,S046
351,1065,,S047
351,1065,,S052
351,1065,,S053
351,1065,,S056
351,1065,,S059
351,1065,,S061
351,1065,,S063
351,1065,,S066
351,1065,,S069
351,1065,,S071
351,1065,,S077
351,1065,,S084
351,1065,,S087
351,1065,,S090
351,1065,,S091
351,1065,,S093
351,1065,,S095
351,1065,,S098
351,1065,,S105
351,1065,,S106
351,1065,,S107
351,1065,,S113
351,1065,,S116
351,1065,,S119
351,1065,,S120
351,1065,,S125
351,1065,,S126
351,1065,,S130
351,1065,,S131
351,1065,,S133
351,1065,,S135
351,1065,,S138
351,1065,,S140
351,1065,,S141
351,1065,,S145
351,1065,,S146
351,1065,,S151
351,1065,,S155
351,1065,,S157
351,1065,,S164
351,1065,,S167
351,1065,,S178
351,1065,,S183
351,1065,,S184
351,1067,,S002
351,1067,,S004
351,1067,,S017
351,1067,,S018
351,1067,,S023
351,1067,,S029
351,1067,,S038
351,1067,,S043
351,1067,,S046
351,1067,,S047
351,1067,,S052
351,1067,,S053
351,1067,,S056
351,1067,,S061
351,1067,,S066
351,1067,,S069
351,1067,,S071
351,1067,,S077
351,1067,,S087
351,1067,,S090
351,1067,,S091
351,1067,,S093
351,1067,,S095
351,1067,,S098
351,1067,,S105
351,1067,,S106
351,1067,,S107
351,1067,,S111
351,1067,,S113
351,1067,,S116
351,1067,,S119
351,1067,,S120
351,1067,,S122
351,1067,,S125
351,1067,,S126
351,1067,,S131
351,1067,,S133
351,1067,,S135
351,1067,,S138
351,1067,,S140
351,1067,,S141
351,1067,,S146
351,1067,,S151
351,1067,,S155
351,1067,,S157
351,1067,,S164
351,1067,,S167
351,1067,,S183
351,1068,50.0,S002
351,1068,25.0,S004
351,1068,50.0,S017
351,1068,50.0,S018
351,1068,50.0,S023
351,1068,25.0,S029
351,1068,50.0,S038
351,1068,50.0,S039
351,1068,50.0,S043
351,1068,50.0,S046
351,1068,50.0,S047
351,1068,50.0,S052
351,1068,50.0,S053
351,1068,50.0,S056
351,1068,50.0,S059
351,1068,50.0,S061
351,1068,50.0,S066
351,1068,50.0,S071
351,1068,50.0,S077
351,1068,50.0,S084
351,1068,50.0,S087
351,1068,50.0,S091
351,1068,50.0,S095
351,1068,50.0,S098
351,1068,50.0,S105
351,1068,50.0,S106
351,1068,25.0,S107
351,1068,50.0,S113
351,1068,50.0,S116
351,1068,50.0,S119
351,1068,50.0,S120
351,1068,25.0,S122
351,1068,50.0,S125
351,1068,50.0,S126
351,1068,50.0,S130
351,1068,50.0,S131
351,1068,50.0,S133
351,1068,25.0,S135
351,1068,50.0,S138
351,1068,50.0,S140
351,1068,50.0,S141
351,1068,50.0,S146
351,1068,25.0,S151
351,1068,50.0,S157
351,1068,50.0,S164
351,1068,25.0,S167
351,1068,50.0,S178
351,1068,25.0,S183
351,1069,66.7,S002
351,1069,66.7,S004
351,1069,83.3,S017
351,1069,83.3,S023
351,1069,33.3,S029
351,1069,66.7,S038
351,1069,83.3,S039
351,1069,66.7,S043
351,1069,50.0,S046
351,1069,83.3,S047
351,1069,83.3,S048
351,1069,83.3,S056
351,1069,83.3,S066
351,1069,33.3,S077
351,1069,83.3,S087
351,1069,33.3,S090
351,1069,50.0,S091
351,1069,33.3,S093
351,1069,33.3,S098
351,1069,50.0,S105
351,1069,83.3,S106
351,1069,50.0,S107
351,1069,83.3,S113
351,1069,66.7,S116
351,1069,100.0,S119
351,1069,50.0,S120
351,1069,50.0,S125
351,1069,83.3,S126
351,1069,83.3,S133
351,1069,33.3,S138
351,1069,83.3,S140
351,1069,83.3,S141
351,1069,83.3,S146
351,1069,33.3,S151
351,1069,50.0,S155
351,1069,50.0,S157
351,1069,83.3,S164
351,1069,33.3,S167
351,1069,83.3,S183
351,1070,33.3,S002
351,1070,33.3,S004
351,1070,33.3,S017
351,1070,33.3,S018
351,1070,33.3,S023
351,1070,33.3,S029
351,1070,33.3,S038
351,1070,33.3,S039
351,1070,33.3,S042
351,1070,33.3,S043
351,1070,33.3,S046
351,1070,33.3,S047
351,1070,33.3,S048
351,1070,33.3,S052
351,1070,33.3,S053
351,1070,33.3,S056
351,1070,33.3,S059
351,1070,33.3,S061
351,1070,33.3,S066
351,1070,33.3,S069
351,1070,33.3,S071
351,1070,33.3,S077
351,1070,33.3,S084
351,1070,0.0,S087
351,1070,0.0,S090
351,1070,33.3,S091
351,1070,33.3,S093
351,1070,33.3,S095
351,1070,33.3,S098
351,1070,33.3,S105
351,1070,33.3,S106
351,1070,33.3,S107
351,1070,0.0,S111
351,1070,33.3,S113
351,1070,33.3,S116
351,1070,33.3,S119
351,1070,33.3,S120
351,1070,33.3,S122
351,1070,33.3,S125
351,1070,33.3,S126
351,1070,33.3,S130
351,1070,33.3,S131
351,1070,33.3,S133
351,1070,33.3,S138
351,1070,33.3,S140
351,1070,0.0,S141
351,1070,33.3,S146
351,1070,33.3,S151
351,1070,33.3,S155
351,1070,33.3,S157
351,1070,33.3,S164
351,1070,0.0,S167
351,1070,33.3,S178
351,1070,33.3,S183
351,1071,100.0,S002
351,1071,100.0,S004
351,1071,50.0,S017
351,1071,75.0,S018
351,1071,100.0,S023
351,1071,100.0,S029
351,1071,75.0,S038
351,1071,100.0,S039
351,1071,100.0,S042
351,1071,100.0,S043
351,1071,100.0,S046
351,1071,100.0,S047
351,1071,100.0,S052
351,1071,100.0,S053
351,1071,75.0,S056
351,1071,100.0,S059
351,1071,25.0,S066
351,1071,100.0,S069
351,1071,100.0,S071
351,1071,100.0,S077
351,1071,100.0,S084
351,1071,50.0,S087
351,1071,100.0,S090
351,1071,100.0,S091
351,1071,75.0,S093
351,1071,100.0,S095
351,1071,75.0,S098
351,1071,100.0,S105
351,1071,100.0,S106
351,1071,100.0,S107
351,1071,100.0,S113
351,1071,75.0,S116
351,1071,100.0,S119
351,1071,75.0,S120
351,1071,75.0,S122
351,1071,100.0,S125
351,1071,100.0,S126
351,1071,100.0,S130
351,1071,100.0,S131
351,1071,100.0,S133
351,1071,100.0,S135
351,1071,100.0,S138
351,1071,100.0,S140
351,1071,50.0,S141
351,1071,100.0,S146
351,1071,25.0,S151
351,1071,100.0,S155
351,1071,50.0,S157
351,1071,100.0,S164
351,1071,50.0,S167
351,1071,100.0,S178
351,1071,100.0,S183
351,1071,100.0,S184
351,1072,100.0,S002
351,1072,100.0,S004
351,1072,100.0,S017
351,1072,100.0,S018
351,1072,33.3,S023
351,1072,100.0,S029
351,1072,100.0,S038
351,1072,100.0,S039
351,1072,100.0,S042
351,1072,100.0,S043
351,1072,100.0,S046
351,1072,100.0,S047
351,1072,100.0,S052
351,1072,100.0,S053
351,1072,100.0,S056
351,1072,100.0,S059
351,1072,100.0,S061
351,1072,100.0,S066
351,1072,100.0,S069
351,1072,100.0,S071
351,1072,100.0,S077
351,1072,100.0,S084
351,1072,100.0,S087
351,1072,100.0,S090
351,1072,100.0,S091
351,1072,66.7,S093
351,1072,100.0,S095
351,1072,100.0,S098
351,1072,100.0,S105
351,1072,100.0,S106
351,1072,100.0,S107
351,1072,100.0,S113
351,1072,100.0,S116
351,1072,100.0,S119
351,1072,66.7,S120
351,1072,66.7,S122
351,1072,66.7,S125
351,1072,100.0,S126
351,1072,100.0,S130
351,1072,100.0,S131
351,1072,100.0,S133
351,1072,100.0,S135
351,1072,100.0,S138
351,1072,100.0,S140
351,1072,100.0,S141
351,1072,100.0,S146
351,1072,33.3,S151
351,1072,100.0,S155
351,1072,0.0,S157
351,1072,100.0,S164
351,1072,66.7,S167
351,1072,100.0,S178
351,1072,100.0,S183
351,1089,100.0,S002
351,1089,100.0,S004
351,1089,100.0,S017
351,1089,100.0,S018
351,1089,100.0,S023
351,1089,100.0,S029
351,1089,100.0,S032
351,1089,100.0,S038
351,1089,100.0,S039
351,1089,100.0,S043
351,1089,100.0,S046
351,1089,100.0,S047
351,1089,100.0,S052
351,1089,100.0,S053
351,1089,100.0,S056
351,1089,100.0,S059
351,1089,100.0,S061
351,1089,66.7,S066
351,1089,100.0,S069
351,1089,100.0,S071
351,1089,100.0,S077
351,1089,100.0,S084
351,1089,100.0,S087
351,1089,100.0,S090
351,1089,100.0,S091
351,1089,100.0,S093
351,1089,100.0,S095
351,1089,100.0,S098
351,1089,100.0,S105
351,1089,100.0,S106
351,1089,100.0,S107
351,1089,100.0,S113
351,1089,100.0,S116
351,1089,100.0,S119
351,1089,100.0,S120
351,1089,100.0,S122
351,1089,100.0,S125
351,1089,100.0,S126
351,1089,100.0,S130
351,1089,100.0,S131
351,1089,100.0,S133
351,1089,100.0,S135
351,1089,100.0,S138
351,1089,100.0,S140
351,1089,100.0,S141
351,1089,100.0,S146
351,1089,100.0,S151
351,1089,100.0,S155
351,1089,66.7,S157
351,1089,100.0,S164
351,1089,100.0,S167
351,1089,100.0,S178
351,1089,100.0,S183
351,1089,100.0,S184
351,1090,25.0,S002
351,1090,25.0,S004
351,1090,25.0,S017
351,1090,25.0,S018
351,1090,25.0,S023
351,1090,25.0,S029
351,1090,12.5,S038
351,1090,25.0,S039
351,1090,25.0,S042
351,1090,25.0,S043
351,1090,25.0,S046
351,1090,25.0,S047
351,1090,25.0,S052
351,1090,25.0,S053
351,1090,25.0,S056
351,1090,25.0,S059
351,1090,25.0,S061
351,1090,0.0,S066
351,1090,12.5,S069
351,1090,12.5,S071
351,1090,25.0,S077
351,1090,25.0,S084
351,1090,25.0,S087
351,1090,25.0,S090
351,1090,25.0,S091
351,1090,25.0,S093
351,1090,25.0,S095
351,1090,25.0,S098
351,1090,25.0,S105
351,1090,25.0,S106
351,1090,25.0,S107
351,1090,25.0,S113
351,1090,25.0,S116
351,1090,25.0,S119
351,1090,0.0,S120
351,1090,12.5,S122
351,1090,25.0,S125
351,1090,25.0,S126
351,1090,25.0,S130
351,1090,25.0,S131
351,1090,25.0,S133
351,1090,25.0,S135
351,1090,25.0,S138
351,1090,25.0,S140
351,1090,25.0,S141
351,1090,25.0,S146
351,1090,25.0,S151
351,1090,25.0,S155
351,1090,25.0,S157
351,1090,25.0,S164
351,1090,25.0,S167
351,1090,25.0,S178
351,1090,25.0,S183
351,1097,100.0,S002
351,1097,100.0,S004
351,1097,100.0,S017
351,1097,100.0,S023
351,1097,100.0,S029
351,1097,100.0,S038
351,1097,100.0,S039
351,1097,100.0,S043
351,1097,66.7,S046
351,1097,100.0,S047
351,1097,66.7,S048
351,1097,100.0,S052
351,1097,100.0,S053
351,1097,100.0,S056
351,1097,100.0,S059
351,1097,100.0,S061
351,1097,100.0,S066
351,1097,100.0,S069
351,1097,100.0,S071
351,1097,100.0,S077
351,1097,100.0,S084
351,1097,100.0,S087
351,1097,100.0,S090
351,1097,100.0,S091
351,1097,100.0,S095
351,1097,100.0,S098
351,1097,100.0,S105
351,1097,100.0,S106
351,1097,100.0,S107
351,1097,100.0,S113
351,1097,100.0,S119
351,1097,100.0,S120
351,1097,100.0,S122
351,1097,100.0,S125
351,1097,100.0,S126
351,1097,100.0,S130
351,1097,100.0,S131
351,1097,100.0,S133
351,1097,100.0,S135
351,1097,100.0,S138
351,1097,100.0,S140
351,1097,100.0,S141
351,1097,100.0,S146
351,1097,66.7,S151
351,1097,66.7,S155
351,1097,100.0,S164
351,1097,100.0,S167
351,1097,100.0,S178
351,1097,66.7,S183
351,1099,100.0,S002
351,1099,66.7,S004
351,1099,100.0,S017
351,1099,100.0,S023
351,1099,100.0,S029
351,1099,100.0,S038
351,1099,100.0,S039
351,1099,100.0,S042
351,1099,100.0,S043
351,1099,33.3,S046
351,1099,66.7,S047
351,1099,100.0,S048
351,1099,100.0,S052
351,1099,66.7,S053
351,1099,66.7,S056
351,1099,100.0,S059
351,1099,100.0,S061
351,1099,66.7,S069
351,1099,33.3,S071
351,1099,100.0,S087
351,1099,0.0,S090
351,1099,0.0,S091
351,1099,66.7,S093
351,1099,66.7,S095
351,1099,100.0,S098
351,1099,66.7,S105
351,1099,100.0,S106
351,1099,66.7,S107
351,1099,33.3,S113
351,1099,66.7,S119
351,1099,66.7,S120
351,1099,33.3,S122
351,1099,33.3,S125
351,1099,100.0,S126
351,1099,66.7,S131
351,1099,66.7,S133
351,1099,100.0,S135
351,1099,33.3,S138
351,1099,66.7,S140
351,1099,66.7,S141
351,1099,66.7,S146
351,1099,66.7,S151
351,1099,66.7,S155
351,1099,100.0,S164
351,1099,66.7,S167
351,1099,66.7,S178
351,1099,100.0,S183
351,1100,100.0,S002
351,1100,100.0,S004
351,1100,100.0,S017
351,1100,100.0,S018
351,1100,100.0,S023
351,1100,100.0,S029
351,1100,100.0,S038
351,1100,100.0,S039
351,1100,100.0,S042
351,1100,100.0,S043
351,1100,75.0,S046
351,1100,100.0,S047
351,1100,100.0,S052
351,1100,100.0,S053
351,1100,100.0,S056
351,1100,100.0,S059
351,1100,100.0,S061
351,1100,100.0,S066
351,1100,100.0,S071
351,1100,100.0,S077
351,1100,100.0,S084
351,1100,100.0,S087
351,1100,100.0,S091
351,1100,100.0,S095
351,1100,100.0,S098
351,1100,100.0,S105
351,1100,100.0,S106
351,1100,75.0,S107
351,1100,100.0,S113
351,1100,100.0,S119
351,1100,100.0,S120
351,1100,100.0,S122
351,1100,100.0,S125
351,1100,100.0,S126
351,1100,100.0,S131
351,1100,100.0,S133
351,1100,100.0,S138
351,1100,100.0,S140
351,1100,100.0,S141
351,1100,75.0,S155
351,1100,100.0,S157
351,1100,100.0,S164
351,1100,100.0,S167
351,1100,100.0,S178
351,1100,100.0,S183
351,1100,100.0,S184
351,1101,100.0,S002
351,1101,75.0,S004
351,1101,100.0,S017
351,1101,100.0,S023
351,1101,100.0,S029
351,1101,100.0,S038
351,1101,100.0,S039
351,1101,100.0,S043
351,1101,100.0,S046
351,1101,100.0,S047
351,1101,100.0,S052
351,1101,100.0,S053
351,1101,100.0,S056
351,1101,100.0,S059
351,1101,100.0,S061
351,1101,25.0,S066
351,1101,75.0,S069
351,1101,75.0,S071
351,1101,100.0,S084
351,1101,75.0,S087
351,1101,100.0,S090
351,1101,100.0,S091
351,1101,75.0,S093
351,1101,100.0,S095
351,1101,100.0,S098
351,1101,100.0,S105
351,1101,100.0,S106
351,1101,75.0,S107
351,1101,100.0,S113
351,1101,100.0,S119
351,1101,75.0,S120
351,1101,75.0,S122
351,1101,100.0,S125
351,1101,100.0,S126
351,1101,75.0,S131
351,1101,100.0,S133
351,1101,75.0,S135
351,1101,100.0,S138
351,1101,100.0,S140
351,1101,100.0,S141
351,1101,50.0,S146
351,1101,75.0,S155
351,1101,75.0,S157
351,1101,100.0,S164
351,1101,75.0,S167
351,1101,100.0,S178
351,1101,100.0,S183
351,1107,75.0,S004
351,1107,100.0,S017
351,1107,100.0,S023
351,1107,91.7,S029
351,1107,91.7,S042
351,1107,58.3,S043
351,1107,100.0,S046
351,1107,100.0,S047
351,1107,91.7,S048
351,1107,100.0,S053
351,1107,91.7,S077
351,1107,91.7,S091
351,1107,75.0,S093
351,1107,91.7,S095
351,1107,100.0,S106
351,1107,75.0,S107
351,1107,91.7,S113
351,1107,83.3,S119
351,1107,91.7,S126
351,1107,58.3,S131
351,1107,100.0,S141
351,1107,91.7,S151
351,1107,100.0,S155
351,1107,58.3,S157
351,1107,100.0,S183
351,1109,100.0,S002
351,1109,0.0,S004
351,1109,25.0,S017
351,1109,0.0,S029
351,1109,0.0,S042
351,1109,0.0,S046
351,1109,0.0,S047
351,1109,75.0,S048
351,1109,100.0,S053
351,1109,0.0,S056
351,1109,100.0,S059
351,1109,75.0,S066
351,1109,100.0,S069
351,1109,0.0,S084
351,1109,50.0,S090
351,1109,0.0,S091
351,1109,50.0,S093
351,1109,0.0,S105
351,1109,75.0,S107
351,1109,100.0,S113
351,1109,0.0,S119
351,1109,100.0,S126
351,1109,0.0,S131
351,1109,100.0,S133
351,1109,50.0,S138
351,1109,100.0,S140
351,1109,50.0,S141
351,1109,25.0,S157
351,1109,100.0,S164
351,1109,100.0,S167
351,1109,0.0,S178
351,1109,100.0,S183
351,1113,100.0,S002
351,1113,100.0,S004
351,1113,100.0,S017
351,1113,100.0,S029
351,1113,100.0,S038
351,1113,100.0,S043
351,1113,100.0,S046
351,1113,100.0,S047
351,1113,100.0,S053
351,1113,100.0,S056
351,1113,100.0,S059
351,1113,100.0,S061
351,1113,75.0,S066
351,1113,100.0,S077
351,1113,50.0,S093
351,1113,75.0,S095
351,1113,100.0,S105
351,1113,100.0,S106
351,1113,50.0,S107
351,1113,100.0,S113
351,1113,100.0,S120
351,1113,100.0,S122
351,1113,100.0,S126
351,1113,100.0,S130
351,1113,100.0,S131
351,1113,100.0,S135
351,1113,100.0,S138
351,1113,100.0,S140
351,1113,100.0,S141
351,1113,100.0,S155
351,1113,0.0,S157
351,1113,100.0,S164
351,1113,100.0,S167
351,1113,100.0,S178
351,1113,100.0,S183
